지점번호,지점명,위도,경도,해발고도_m
90,속초,38.2509,128.5647,18.06
93,북춘천,37.9475,127.7547,95.61
95,철원,38.1479,127.3042,155.48
98,동두천,37.9019,127.0607,115.62
99,파주,37.8859,126.7665,30.59
100,대관령,37.6771,128.7183,772.43
101,춘천,37.9026,127.7357,75.82
102,백령도,37.9740,124.7124,36
104,북강릉,37.8046,128.8554,75.24
105,강릉,37.7515,128.8910,27.12
106,동해,37.5071,129.1243,40.46
108,서울,37.5714,126.9658,85.8
112,인천,37.4777,126.6249,68.99
114,원주,37.3375,127.9466,150.11
115,울릉도,37.4813,130.8986,222.8
119,수원,37.2695,126.9875,33.6
121,영월,37.1813,128.4574,240.54
127,충주,36.9705,127.9525,114.85
129,서산,36.7766,126.4939,25.25
130,울진,36.9918,129.4128,48.98
131,청주,36.6392,127.4407,58.7
133,대전,36.3720,127.3721,67.79
135,추풍령,36.2203,127.9946,244.98
136,안동,36.5729,128.7073,140.1
137,상주,36.4084,128.1574,96.58
138,포항,36.0320,129.3800,3.94
140,군산,36.0053,126.7614,23.2
143,대구,35.8852,128.6190,64.08
146,전주,35.8409,127.1172,60.44
152,울산,35.5824,129.3347,81.14
155,창원,35.1702,128.5728,34.97
156,광주,35.1729,126.8916,70.28
159,부산,35.1047,129.0320,69.56
162,통영,34.8454,128.4356,31.24
165,목포,34.8173,126.3815,44.7
168,여수,34.7393,127.7406,65.93
169,흑산도,34.6872,125.4511,75.12
170,완도,34.3959,126.7018,35.37
172,고창,35.3482,126.5990,52.42
174,순천,35.0204,127.3694,165
177,홍성,36.6576,126.6877,27.74
184,제주,33.5141,126.5297,20.79
185,고산,33.2938,126.1628,74.29
188,성산,33.3868,126.8802,20.34
189,서귀포,33.2462,126.5653,51.86
192,진주,35.1638,128.0400,30.21
201,강화,37.7074,126.4463,47.01
202,양평,37.4886,127.4945,47.26
203,이천,37.2640,127.4842,80.09
211,인제,38.0599,128.1681,202
212,홍천,37.6836,127.8804,140.2
216,태백,37.1704,128.9893,714.45
217,정선군,37.3807,128.6731,312
221,제천,37.1593,128.1943,264.62
226,보은,36.4876,127.7342,171.31
232,천안,36.7624,127.2927,81.5
235,보령,36.3272,126.5574,9.98
236,부여,36.2724,126.9208,13.42
238,금산,36.1056,127.4818,170.17
239,세종,36.4852,127.2444,89.5
243,부안,35.7296,126.7166,12.2
244,임실,35.6120,127.2856,247.04
245,정읍,35.5633,126.8390,68.7
247,남원,35.4213,127.3965,133.49
248,장수,35.6570,127.5203,406.87
251,고창군,35.4235,126.6923,50
252,영광군,35.2837,126.4778,37.2
253,김해시,35.2298,128.8908,54.59
254,순창군,35.3713,127.1286,129.38
255,북창원,35.2266,128.6726,50.95
257,양산시,35.3074,129.0201,6.29
258,보성군,34.7634,127.2123,1.41
259,강진군,34.6446,126.7841,16.19
260,장흥,34.6889,126.9195,43.99
261,해남,34.5538,126.5691,16.36
262,고흥,34.6183,127.2757,51.91
263,의령군,35.3226,128.2881,14.1
264,함양군,35.5114,127.7454,152.07
266,광양시,34.9434,127.6914,88.21
268,진도군,34.4730,126.2585,9.82
271,봉화,36.9436,128.9145,324.67
272,영주,36.8718,128.5169,211.32
273,문경,36.6273,128.1488,173.01
276,청송군,36.4351,129.0401,208.65
277,영덕,36.5334,129.4093,40.71
278,의성,36.3561,128.6886,81.44
279,구미,36.1306,128.3206,49.17
281,영천,35.9774,128.9514,96.12
283,경주시,35.8175,129.2012,40.13
284,거창,35.6674,127.9099,228.45
285,합천,35.5651,128.1699,26.72
288,밀양,35.4915,128.7441,8.31
289,산청,35.4130,127.8791,138.22
294,거제,34.8882,128.6046,44.83
295,남해,34.8166,127.9264,45.71
