지역,세부,기본풍속_ms
서울특별시,,30
인천광역시,,30
김포시,,30
부천시,,30
구리시,,30
오산시,,30
평택시,,30
시흥시,,30
과천시,,30
안양시,,30
수원시,,30
안산시,,30
군포시,,30
의왕시,,30
안성시,,30
양평군,,25
성남시,,25
하남시,,25
용인시,,25
의정부시,,25
동두천시,,25
포천군,,25
파주시,,25
광주시,,25
여주군,,25
이천시,,25
속초시,,40
강릉시,,40
양양군,,40
고성군,"거진읍,간성읍",35
동해시,,35
삼척시,,35
춘천시,,25
화천군,,25
양구군,,25
철원군,,25
인제군,,25
영월군,,25
정선군,,25
태백시,,25
원주시,,25
평창군,,25
홍천군,,25
서천군,장항읍,40
태안군,,35
서산시,,35
청주시,,35
보령시,대천읍,35
서천군,,35
태안군,안면읍,35
연기군,조치원읍,35
천안시,,35
홍성군,,35
아산시,,35
대전광역시,,30
당진군,,30
천안시,성환읍,30
진천군,,30
증평군,,30
음성군,,25
청양군,,25
금산군,,25
영동군,,25
공주시,,25
논산시,,25
제천시,,25
충주시,,25
부여군,,25
보은군,,25
단양군,,25
괴산군,,25
옥천군,,25
포항시,,45
울릉군,,45
경주시,감포읍,45
부산광역시,,40
김해시,외동,40
울산광역시,,35
통영시,,35
거제시,,35
고성군,,35
진해시,,35
김해시,,35
마산시,,35
창원시,,35
양산시,,35
울진군,,35
경주시,,35
남해군,,35
사천시,,35
경주시,건천읍,30
함안군,가야읍,30
밀양시,삼랑진읍,30
영덕군,,30
대구광역시,,25
영주시,,25
구미시,,25
김천시,,25
영천시,,25
안동시,,25
봉화군,,25
예천군,,25
청송군,,25
영양군,,25
경산시,,25
청도군,,25
의령군,,25
영동군,추풍령면,25
상주시,,25
군위군,,25
의성군,,25
문경시,,25
진주시,,25
거창군,,25
함양군,,25
산청군,,25
고령군,,25
창녕군,,25
합천군,,25
밀양시,,25
군산시,,40
목포시,,35
여수시,,35
완도군,,35
진도군,,35
옥구군,,35
익산시,,35
해남군,,35
장흥군,"관산읍, 대덕읍",35
고흥군,,35
광주광역시,,30
나주시,,30
화순군,,30
영암군,,30
강진군,,30
장흥군,,30
보성군,,30
순천시,,30
광양시,,30
무안군,,30
함평군,,30
영광군,,30
전주시,,25
진안군,,25
무주군,,25
담양군,,25
부안군,,25
남원시,,25
순창군,,25
구례군,,25
고창군,,25
정읍시,,25
장수군,,25
순천시,승주읍,25
임실군,,25
전지역,,40
