ID,Target,Capture Start Time,directory,diff_sec
294,Tokyo(Japan),2026-07-23T02:11:18.505(1784772678505),260723_021116/level-0,-2.505
293,Bushehr_Nuclear_Power_plant(Iran),2026-07-21T07:52:26.690(1784620346690),260721_075224/level-0,-2.69
292,Sohae_Satellite_Launchin,2026-07-21T03:07:15.387(1784603235387),260721_030713/level-0,-2.387
291,Etna_mountain(Italy),2026-07-19T10:21:05.580(1784456465580),260719_102103/level-0,-2.58
290,Sur(Oman),2026-07-19T07:16:50.255(1784445410255),260719_071648/level-0,-2.255
289,Dark_Sea_Near_UAE,2026-07-18T07:44:23.282(1784360663282),260718_074421/level-0,-2.282
288,Kyiv(ukraine),2026-07-17T09:40:21.279(1784281221279),260717_094019/level-0,-2.279
287,Ali_Al_Salem_Air_Base(Kuwait),2026-07-17T08:11:51.924(1784275911924),260717_081149/level-0,-2.924
286,Beirut(Lebanon),2026-07-15T09:07:25.759(1784106445759),260715_090723/level-0,-2.759
285,Shahid_Bahonar_Port(Iran),2026-07-15T07:35:09.102(1784100909102),260715_073507/level-0,-2.102
284,Khark_Island(iran),2026-07-14T08:02:58.273(1784016178273),260714_080256/level-0,-2.273
283,GBR_5(Australia),2026-07-13T00:53:51.680(1783904031680),260713_005349/level-0,-2.68
282,Drvenik_Veli(Croatia),2026-07-12T10:30:06.619(1783852206619),260712_103004/level-0,-2.619
281,Strait_of_Hormuz_or_UAE_,2026-07-12T07:26:23.469(1783841183469),260712_072621/level-0,-2.469
280,Top_Of_The_World(USA),2026-07-11T18:51:39.567(1783795899567),260711_185137/level-0,-2.567
279,Polkowice(Poland),2026-07-08T10:47:06.659(1783507626659),260708_104704/level-0,-2.659
278,Yemen_border(Oman),2026-07-08T07:47:50.511(1783496870511),260708_074748/level-0,-2.511
277,Ali_Al_Salem_Air_Base(Kuwait),2026-07-07T08:13:12.306(1783411992306),260707_081310/level-0,-2.306
276,Beirut(Lebanon),2026-07-05T09:08:38.002(1783242518002),260705_090836/level-0,-2.002
275,Strait_of_Hormuz_or_UAE_border,2026-07-05T07:36:25.683(1783236985683),260705_073623/level-0,-2.683
274,fordow_fuel_enrichment_plant(iran),2026-07-04T08:02:35.098(1783152155098),260704_080233/level-0,-2.098
273,Sierra_Gorda(Chile),2026-07-02T15:30:43.269(1783006243269),260702_153041/level-0,-2.269
272,Beirut(Lebanon),2026-07-02T08:59:24.123(1782982764123),260702_085922/level-0,-2.123
271,Drvenik_Veli(Croatia),2026-06-29T10:21:32.823(1782728492823),260629_102130/level-0,-2.823
270,Duqm_Port(Oman),2026-06-29T07:19:33.605(1782717573605),260629_071931/level-0,-2.605
269,Mapo-gu_fine_dust_Observatory(Korea),2026-06-28T03:00:37.199(1782615637199),260628_030035/level-0,-2.199
268,natanz_nuclear_facility(iran),2026-06-24T08:02:24.832(1782288144832),260624_080222/level-0,-2.832
267,GBR_5(Australia),2026-06-23T00:54:07.885(1782176047885),260623_005405/level-0,-2.885
266,Drvenik_Veli(Croatia),2026-06-19T10:20:21.800(1781864421800),260619_102019/level-0,-2.8
265,Duqm_Port(Oman),2026-06-19T07:18:21.361(1781853501361),260619_071819/level-0,-2.361
264,Top_Of_The_World(USA),2026-06-18T18:41:42.045(1781808102045),260618_184140/level-0,-2.045
263,Kimchaek(north_korea),2026-06-18T02:58:20.434(1781751500434),260618_025818/level-0,-2.434
262,Bab_al_Mandab_Strait,2026-06-17T08:16:13.057(1781684173057),260617_081611/level-0,-2.057
261,Khuvsgul_Lake(mongolia),2026-06-17T04:57:47.924(1781672267924),260617_045745/level-0,-2.924
260,New_York(USA),2026-06-16T16:27:28.572(1781627248572),260616_162726/level-0,-2.572
259,Qeshm(Iran),2026-06-15T07:34:24.331(1781508864331),260615_073422/level-0,-2.331
258,tehran(iran),2026-06-14T08:00:01.572(1781424001572),260614_075959/level-0,-2.572
257,Sierra_Gorda(Chile),2026-06-12T15:27:54.081(1781278074081),260612_152752/level-0,-2.081
256,hormuz(iran),2026-06-12T07:24:30.330(1781249070330),260612_072428/level-0,-2.33
255,Bushehr_Nuclear_Power_plant(Iran),2026-06-11T07:51:38.270(1781164298270),260611_075136/level-0,-2.27
254,Nampo_port(north_korea),2026-06-11T03:06:33.309(1781147193309),260611_030631/level-0,-2.309
253,Etna_mountain(Italy),2026-06-09T10:19:17.343(1781000357343),260609_101915/level-0,-2.343
252,Ras_Al_Hadd(Oman),2026-06-09T07:14:57.985(1780989297985),260609_071455/level-0,-2.985
251,Yemen_border(Oman),2026-06-08T07:44:05.588(1780904645588),260608_074403/level-0,-2.588
250,pyongyang(north_korea),2026-06-08T02:56:11.062(1780887371062),260608_025609/level-0,-2.062
249,Ali_Al_Salem_Air_Base(Kuwait),2026-06-07T08:08:57.954(1780819737954),260607_080855/level-0,-2.954
248,naval_support_activity(Bahrain),2026-06-04T07:59:07.165(1780559947165),260604_075905/level-0,-2.165
247,Sierra_Gorda(Chile),2026-06-02T15:24:16.538(1780413856538),260602_152414/level-0,-2.538
246,Duqm_Port(Oman),2026-06-02T07:22:19.903(1780384939903),260602_072217/level-0,-2.903
245,isfahan_nuclear_tech_enter(iran),2026-06-01T07:46:47.943(1780300007943),260601_074645/level-0,-2.943
244,Sohae_Satellite_Launching_Station(north_korea),2026-06-01T03:02:27.631(1780282947631),260601_030225/level-0,-2.631
243,Ali_Al_Salem_Air_Base(Kuwait),2026-05-31T08:15:14.311(1780215314311),260531_081512/level-0,-2.311
242,golden_gate_bridge,2026-05-30T19:39:49.133(1780169989133),260530_193947/level-0,-2.133
241,Ras_Al_Hadd(Oman),2026-05-30T07:10:44.333(1780125044333),260530_071042/level-0,-2.333
240,Strait_of_Hormuz_or_UAE_border,2026-05-29T07:37:12.585(1780040232585),260529_073710/level-0,-2.585
239,Khark_Island(iran),2026-05-28T08:04:14.181(1779955454181),260528_080412/level-0,-2.181
238,Hortobágy_National_Park(hungary),2026-05-03T10:02:26.140(1777802546140),260503_100222/level-0,-4.14
237,Khasab_Power_Plant(Oman),2026-05-02T07:27:05.389(1777706825389),260502_072701/level-0,-4.389
236,Bushehr_Nuclear_Power_plant(Iran),2026-05-01T07:53:39.451(1777622019451),260501_075335/level-0,-4.451
235,eiffel_tower(france),2026-04-30T11:23:59.803(1777548239803),260430_112355/level-0,-4.803
234,baish(mangrove),2026-04-30T08:23:54.341(1777537434341),260430_082350/level-0,-4.341
233,Duqm_Port(Oman),2026-04-29T07:16:31.009(1777446991009),260429_071627/level-0,-4.009
232,15_Chong_Chom,2026-04-29T04:09:31.923(1777435771923),260429_040927/level-0,-4.923
231,Top_Of_The_World(USA),2026-04-28T18:39:28.250(1777401568250),260428_183924/level-0,-4.25
230,las_coloradas(mexico),2026-04-28T17:08:17.535(1777396097535),260428_170813/level-0,-4.535
229,Ahmad_al_Jaber_Air_Base(,2026-04-27T08:08:36.872(1777277316872),260427_080832/level-0,-4.872
228,fordow_fuel_enrichment_plant(iran),2026-04-24T07:54:33.245(1777017273245),260424_075429/level-0,-4.245
227,Nampo_port(north_korea),2026-04-24T03:10:51.571(1777000251571),260424_031047/level-0,-4.571
226,baish(mangrove),2026-04-23T08:26:14.757(1776932774757),260423_082610/level-0,-4.757
225,Sierra_Gorda(Chile),2026-04-22T15:20:51.816(1776871251816),260422_152047/level-0,-4.816
224,Duqm_Port(Oman),2026-04-22T07:18:43.166(1776842323166),260422_071839/level-0,-4.166
223,Top_Of_The_World(USA),2026-04-21T18:41:36.806(1776796896806),260421_184132/level-0,-4.806
222,Bab_al_Mandab_Strait,2026-04-20T08:14:52.797(1776672892797),260420_081448/level-0,-4.797
221,mt_everest(nepal),2026-04-19T05:29:35.504(1776576575504),260419_052931/level-0,-4.504
220,Beirut(Lebanon),2026-04-18T09:03:29.551(1776503009551),260418_090325/level-0,-4.551
219,Shahid_Bahonar_Port(Iran),2026-04-18T07:31:08.099(1776497468099),260418_073104/level-0,-4.099
218,isfahan_nuclear_tech_enter(iran),2026-04-17T07:56:46.248(1776412606248),260417_075642/level-0,-4.248
217,Sierra_Gorda(Chile),2026-04-15T15:22:23.732(1776266543732),260415_152219/level-0,-4.732
216,15_Chong_Chom,2026-04-15T04:13:12.819(1776226392819),260415_041308/level-0,-4.819
215,Top_Of_The_World(USA),2026-04-14T18:43:04.699(1776192184699),260414_184300/level-0,-4.699
214,Maralago_club(USA),2026-04-12T16:30:39.939(1776011439939),260412_163035/level-0,-4.939
213,Jeddah(Saudi_Arabia),2026-04-12T08:40:55.302(1775983255302),260412_084051/level-0,-4.302
212,Yemen_border(Oman),2026-04-11T07:34:53.865(1775892893865),260411_073449/level-0,-4.865
211,andong,2026-04-11T02:47:18.800(1775875638800),260411_024714/level-0,-4.8
210,Bushehr_Nuclear_Power_plant(Iran),2026-04-10T07:58:55.651(1775807935651),260410_075851/level-0,-4.651
209,Duqm_Port(Oman),2026-04-08T07:21:14.171538(1775632874),260408_072110/level-0,-4.171538
208,Ras_Al_Hadd(Oman),2026-04-05T07:07:24.917(1775372844917),260405_070720/level-0,-4.917
207,1_chong_bok,2026-04-05T04:01:09.273(1775361669273),260405_040105/level-0,-4.273
206,telaviv(israel),2026-04-04T09:05:53.511(1775293553511),260404_090549/level-0,-4.511
205,Yemen_border(Oman),2026-04-04T07:35:33.167(1775288133167),260404_073529/level-0,-4.167
204,tehran(iran),2026-04-03T07:57:40.809(1775203060809),260403_075736/level-0,-4.809
203,Uluru(Australia),2026-04-03T01:56:57.167(1775181417167),260403_015653/level-0,-4.167
202,murmansk(russia),2026-04-02T09:49:58.386(1775123398386),260402_094954/level-0,-4.386
201,forbidden_city(china),2026-04-02T03:40:49.517(1775101249517),260402_034045/level-0,-4.517
200,Sierra_Gorda(Chile),2026-04-01T15:23:41.671(1775057021671),260401_152337/level-0,-4.671
199,14_Prasat_Ta_Muan_Thom,2026-04-01T04:14:26.522(1775016866522),260401_041422/level-0,-4.522
198,kangerlussuaq(greenland),2026-03-31T15:26:48.185(1774970808185),260331_152644/level-0,-4.185
197,Bab_al_Mandab_Strait,2026-03-30T08:16:58.176(1774858618176),260330_081654/level-0,-4.176
196,Jeddah(Saudi_Arabia),2026-03-29T08:41:23.258(1774773683258),260329_084119/level-0,-4.258
195,Sohar_Port(Oman),2026-03-28T07:33:10.724(1774683190724),260328_073306/level-0,-4.724
194,Gyeonggi_Provincial_Office(Korea),2026-03-28T02:47:18.588(1774666038588),260328_024714/level-0,-4.588
193,Ahmad_al_Jaber_Air_Base(Kuwait),2026-03-27T07:58:54.592(1774598334592),260327_075850/level-0,-4.592
192,Astana(Kazakhstan),2026-03-26T06:45:32.000(1774507532000),260326_064528/level-0,-4.0
191,Bab_al_Mandab_Strait,2026-03-23T08:15:46.379(1774253746379),260323_081542/level-0,-4.379
190,Duqm_Port(Oman),2026-03-18T07:18:37.871(1773818317871),260318_071833/level-0,-4.871
189,6_bak_dai,2026-03-18T04:11:35.608(1773807095608),260318_041131/level-0,-4.608
188,Kyiv(ukraine),2026-03-16T09:37:51.739(1773653871739),260316_093747/level-0,-4.739
187,Bab_al_Mandab_Strait,2026-03-16T08:13:41.000(1773648821000),260316_081337/level-0,-4.0
186,Strait_of_Hormuz_or_UAE_border,2026-03-14T07:28:51.495(1773473331495),260314_072847/level-0,-4.495
185,Navy,2026-03-13T03:10:30.392(1773371430392),260313_031026/level-0,-4.392
184,HongKong_International_Airport(HongKong),2026-03-12T03:40:14.800(1773286814800),260312_034010/level-0,-4.8
183,Duqm_Port(Oman),2026-03-11T07:16:00.821(1773213360821),260311_071556/level-0,-4.821
182,Yemen_border(Oman),2026-03-10T07:42:53.973(1773128573973),260310_074249/level-0,-4.973
181,Kyiv(ukraine),2026-03-09T09:35:00.830(1773048900830),260309_093456/level-0,-4.83
180,Bab_al_Mandab_Strait,2026-03-09T08:10:49.871(1773043849871),260309_081045/level-0,-4.871
179,Sohar_Port(Oman),2026-03-07T07:26:15.478(1772868375478),260307_072611/level-0,-4.478
178,tehran(iran),2026-03-06T07:49:44.365(1772783384365),260306_074940/level-0,-4.365
177,Lisse(Netherlands),2026-03-05T11:20:06.412(1772709606412),260305_112002/level-0,-4.412
176,Ras_Al_Hadd(Oman),2026-03-04T07:11:36.199(1772608296199),260304_071132/level-0,-4.199
175,cancún(mexico),2026-03-03T17:03:40.939(1772557420939),260303_170336/level-0,-4.939
174,Köln(Germany),2026-03-02T11:05:12.028(1772449512028),260302_110508/level-0,-4.028
173,Khasab_Power_Plant(Oman),2026-02-28T07:21:33.727(1772263293727),260228_072129/level-0,-4.727
172,isfahan_nuclear_tech_enter(iran),2026-02-27T07:46:04.317(1772178364317),260227_074600/level-0,-4.317
171,Ras_Al_Hadd(Oman),2026-02-25T07:06:56.215(1772003216215),260225_070652/level-0,-4.215
170,Seeb(Oman),2026-02-21T07:16:53.743(1771658213743),260221_071653/level-0,-0.743
169,6_bak_dai,2026-02-21T04:10:49.722(1771647049722),260221_041049/level-0,-0.722
168,Gyeonggi_Provincial_Office(Korea),2026-02-20T02:56:32.979(1771556192979),260220_025632/level-0,-0.979
167,big_island(usa_hawaii),2026-02-17T21:36:16.749(1771364176749),260217_213616/level-0,-0.749
166,cancún(mexico),2026-02-17T16:53:10.444(1771347190444),260217_165310/level-0,-0.444
165,isfahan_nuclear_tech_enter(iran),2026-02-16T07:50:33.360(1771228233360),260216_075033/level-0,-0.36
164,Tokyo(Japan),2026-02-15T01:58:42.397(1771120722397),260215_015842/level-0,-0.397
163,Ras_Al_Hadd(Oman),2026-02-14T07:10:57.090(1771053057090),260214_071057/level-0,-0.09
162,12_samraong_leu,2026-02-14T04:05:17.425(1771041917425),260214_040517/level-0,-0.425
161,Kamphaeng_Saen_Airport(thailand),2026-02-13T04:30:31.643(1770957031643),260213_043031/level-0,-0.643
160,Navy,2026-02-12T03:16:40.247(1770866200247),260212_031640/level-0,-0.247
159,Kensas(US),2026-02-10T18:16:02.397(1770747362397),260210_181602/level-0,-0.397
158,managua(nicaragua),2026-02-10T16:48:48.885(1770742128885),260210_164848/level-0,-0.885
157,Gyeonggi_Provincial_Office(Korea),2026-02-09T02:59:28.200(1770605968200),260209_025928/level-0,-0.2
156,melbourne(australia),2026-02-07T01:02:33.757(1770426153757),260207_010233/level-0,-0.757
155,bangkok(thailand),2026-02-06T04:23:26.795(1770351806795),260206_042326/level-0,-0.795
154,Grand_Canyon(usa),2026-02-05T18:51:49.088(1770317509088),260205_185149/level-0,-0.088
153,qasim_port(pakistan),2026-02-04T06:46:24.240(1770187584240),260204_064624/level-0,-0.24
152,Can_Gio_mangrove(vietnam),2026-01-31T03:50:24.312(1769831424312),260131_035020/level-0,-4.312
151,GBR_4(Australia),2026-01-31T00:49:41.575(1769820581575),260131_004937/level-0,-4.575
150,managua(nicaragua),2026-01-30T16:49:54.399(1769791794399),260130_164950/level-0,-4.399
149,13_Prasat_Ta_Khwai,2026-01-30T04:15:00.196(1769746500196),260130_041456/level-0,-4.196
148,Matterhorn(Switzerland),2026-01-29T10:49:36.133(1769683776133),260129_104932/level-0,-4.133
147,pyongyang(north_korea),2026-01-29T02:59:54.674(1769655594674),260129_025950/level-0,-4.674
146,houston(usa),2026-01-28T17:36:38.482(1769621798482),260128_173634/level-0,-4.482
145,karachi_port(pakistan),2026-01-28T06:37:58.700(1769582278700),260128_063754/level-0,-4.7
144,Maralago_club(USA),2026-01-27T16:28:52.278(1769531332278),260127_162848/level-0,-4.278
143,nasa_stennis,2026-01-18T17:09:01.871(1768756141871),260118_170857/level-0,-4.871
142,jeju_hyeopjae_beach(korea),2026-01-18T02:59:18.174(1768705158174),260118_025914/level-0,-4.174
141,baish(mangrove),2026-01-17T08:11:54.471(1768637514471),260117_081150/level-0,-4.471
140,osaka(japan),2026-01-16T02:15:21.828(1768529721828),260116_021517/level-0,-4.828
139,8_khok_sung,2026-01-15T04:20:22.187(1768450822187),260115_042018/level-0,-4.187
138,1_chong_bok,2026-01-12T04:01:55.591(1768190515591),260112_040151/level-0,-4.591
137,Phitsanulok_Airport(thailand),2026-01-11T04:26:30.204(1768105590204),260111_042626/level-0,-4.204
136,soyanggang,2026-01-11T02:46:39.335(1768099599335),260111_024635/level-0,-4.335
135,Navy,2026-01-10T03:12:34.572(1768014754572),260110_031230/level-0,-4.572
134,Structure_de_richat(Sahara),2026-01-08T11:58:17.557(1767873497557),260108_115813/level-0,-4.557
133,München(Germany),2026-01-07T10:42:06.660(1767782526660),260107_104202/level-0,-4.66
132,kangchenjunga(nepal),2026-01-05T05:20:35.727(1767590435727),260105_052031/level-0,-4.727
131,Seeb(Oman),2026-01-04T07:21:05.276(1767511265276),260104_072101/level-0,-4.276
130,operahouse,2026-01-02T00:34:50.296(1767314090296),260102_003446/level-0,-4.296
129,New_York(USA),2026-01-01T16:23:32.689(1767284612689),260101_162328/level-0,-4.689
128,Sohar_Port(Oman),2025-12-31T07:26:55.858(1767166015858),251231_072651/level-0,-4.858
127,canberra(australia),2025-12-29T00:41:02.110(1766968862110),251229_004058/level-0,-4.11
126,Brasília(Brazil),2025-12-27T14:00:31.377(1766844031377),251227_140027/level-0,-4.377
125,palm_islands(uae),2025-12-27T07:32:27.178(1766820747178),251227_073223/level-0,-4.178
124,Matterhorn(Switzerland),2025-12-26T11:00:30.074(1766746830074),251226_110026/level-0,-4.074
123,Calais(France),2025-12-25T11:24:12.191(1766661852191),251225_112408/level-0,-4.191
122,kangchenjunga(nepal),2025-12-25T05:13:03.763(1766639583763),251225_051259/level-0,-4.763
121,kaliningrad(russia),2025-12-24T10:13:45.652(1766571225652),251224_101341/level-0,-4.652
120,5_huai_chan,2025-12-24T04:07:02.392(1766549222392),251224_040658/level-0,-4.392
119,Khuvsgul_Lake(mongolia),2025-12-22T04:47:05.633(1766378825633),251222_044701/level-0,-4.633
118,mount_vesuvius(italy),2025-12-20T10:22:36.378(1766226156378),251220_102232/level-0,-4.378
117,7_chob_lokir_khang_lich,2025-12-20T04:12:11.013(1766203931013),251220_041207/level-0,-4.013
116,Fiji_3(Fiji),2025-12-17T22:52:52.270(1766011972270),251217_225248/level-0,-4.27
115,shanghai(china),2025-12-15T03:03:03.191(1765767783191),251215_030259/level-0,-4.191
114,Mumbai(india),2025-12-11T06:19:27.655(1765433967655),251211_061923/level-0,-4.655
113,Sutong_Yangtze_River_Bridge(China),2025-12-11T03:07:30.219(1765422450219),251211_030726/level-0,-4.219
112,karachi_port(pakistan),2025-12-10T06:42:41.203(1765348961203),251210_064237/level-0,-4.203
111,Phitsanulok_Airport(thailand),2025-12-08T04:25:21.360(1765167921360),251208_042517/level-0,-4.36
110,gyeongbokgung(korea),2025-12-08T02:45:35.552(1765161935552),251208_024531/level-0,-4.552
109,Sutong_Yangtze_River_Bridge(China),2025-12-07T03:11:42.202(1765077102202),251207_031138/level-0,-4.202
108,Queen_Charlotte_Sound(New_Zealand),2025-12-06T22:47:55.672(1765061275672),251206_224751/level-0,-4.672
107,11_khum_srae_thmei,2025-12-05T04:06:04.479(1764907564479),251205_040600/level-0,-4.479
106,Sutong_Yangtze_River_Bridge(China),2025-12-03T03:15:35.831(1764731735831),251203_031531/level-0,-4.831
105,operahouse,2025-12-03T00:24:17.474(1764721457474),251203_002413/level-0,-4.474
104,10_siem_reap,2025-12-01T04:09:28.094(1764562168094),251201_040924/level-0,-4.094
103,chiangmai_international_airport(thailand),2025-11-30T04:32:30.611(1764477150611),251130_043226/level-0,-4.611
102,Benazir_Bhutto_International_Airport(pakistan),2025-11-29T06:27:24.534(1764397644534),251129_062720/level-0,-4.534
101,mount_fuji(japan),2025-11-28T02:08:13.389(1764295693389),251128_020809/level-0,-4.389
100,big_island(usa_hawaii),2025-11-27T21:29:21.680(1764278961680),251127_212917/level-0,-4.68
99,managua(nicaragua),2025-11-27T16:48:10.386(1764262090386),251127_164806/level-0,-4.386
98,haifa(israel),2025-11-27T08:50:56.359(1764233456359),251127_085052/level-0,-4.359
97,tijuana(mexico),2025-11-25T19:05:57.916(1764097557916),251125_190553/level-0,-4.916
96,Jeddah(Saudi Arabia),2025-11-24T08:32:38.773(1763973158773),251124_083234/level-0,-4.773
95,vladivostok(russia),2025-11-23T02:33:48.609(1763865228609),251123_023344/level-0,-4.609
94,Incheon_Intl_Airport(Korea),2025-11-22T02:59:31.007(1763780371007),251122_025927/level-0,-4.007
93,baish(mangrove),2025-11-21T08:12:24.336(1763712744336),251121_081220/level-0,-4.336
92,mt. Taranaki(new_zealand),2025-11-20T23:00:57.032(1763679657032),251120_230053/level-0,-4.032
91,nagoya(japan),2025-11-20T02:14:20.984(1763604860984),251120_021416/level-0,-4.984
90,Ulsan_Taehwagang_National_Garden(Korea),2025-11-19T02:38:37.537(1763519917537),251119_023833/level-0,-4.537
89,new_orleans(usa),2025-11-18T17:13:47.727(1763486027727),251118_171343/level-0,-4.727
88,winnipeg(canada),2025-11-16T17:57:06.344(1763315826344),251116_175702/level-0,-4.344
87,Himalaya_2(Nepal),2025-11-16T05:27:45.430(1763270865430),251116_052741/level-0,-4.43
86,rio_beni(bolivia),2025-11-08T15:08:18.002(1762614498002),251108_150814/level-0,-4.002
85,himalaya_glacier(nepal),2025-11-08T05:31:21.136(1762579881136),251108_053117/level-0,-4.136
84,osaka(japan),2025-11-08T02:20:51.737(1762568451737),251108_022047/level-0,-4.737
83,Wrocław(Poland),2025-11-07T10:32:24.875(1762511544875),251107_103220/level-0,-4.875
82,Abu_Dhabi_Airport(UAE),2025-11-07T07:30:45.176(1762500645176),251107_073041/level-0,-4.176
81,cairo(illinois_usa),2025-11-06T17:17:44.257(1762449464257),251106_171740/level-0,-4.257
80,Daqing(China),2025-11-06T03:05:34.181(1762398334181),251106_030530/level-0,-4.181
79,Queen_Charlotte_Sound(New_Zealand),2025-11-05T22:45:34.211(1762382734211),251105_224530/level-0,-4.211
78,lhasa(china),2025-11-05T05:08:18.688(1762319298688),251105_050814/level-0,-4.688
77,king_sejong_station(antarctica_korea),2025-11-04T13:48:36.483(1762264116483),251104_134832/level-0,-4.483
76,Cape_Town(South_Africa),2025-11-03T09:21:34.507(1762161694507),251103_092130/level-0,-4.507
75,jeju_seongsan_sunrise_peak(korea),2025-11-03T02:46:10.622(1762137970622),251103_024606/level-0,-4.622
74,Grand_Canyon(usa),2025-11-02T18:53:17.166(1762109597166),251102_185313/level-0,-4.166
73,forbidden_city(china),2025-11-01T03:32:06.465(1761967926465),251101_033202/level-0,-4.465
72,Cape_Town(South_Africa),2025-10-30T09:22:19.267(1761816139267),251030_092215/level-0,-4.267
71,Seoraksan(Korea),2025-10-30T02:45:39.226(1761792339226),251030_024535/level-0,-4.226
70,tehran(iran),2025-10-29T07:53:16.263(1761724396263),251029_075312/level-0,-4.263
69,Uluru(Australia),2025-10-29T01:51:45.053(1761702705053),251029_015141/level-0,-4.053
68,Kuwait_City(Kuwait),2025-10-25T07:55:23.297(1761378923297),251025_075519/level-0,-4.297
67,kin_kora(australia),2025-10-24T00:40:47.932(1761266447932),251024_004043/level-0,-4.932
66,GBR_2(Australia),2025-10-23T01:02:28.283(1761181348283),251023_010224/level-0,-4.283
65,Gochang_Flower_Guest_Project(Korea),2025-10-22T02:46:53.508(1761101213508),251022_024649/level-0,-4.508
64,Lake_Balaton(hungary),2025-10-19T10:12:16.979(1760868736979),-,
63,Ubon_Ratchathani_Airport(thailand),2025-10-19T04:02:52.497(1760846572497),-,
62,las_coloradas(mexico),2025-10-18T17:00:09.099(1760806809099),251018_170005/level-0,-4.099
61,bangkok(thailand),2025-10-18T04:26:37.796(1760761597796),251018_042633/level-0,-4.796
60,Khuzestan(Iran),2025-10-17T07:54:41.329(1760687681329),251017_075437/level-0,-4.329
59,GBR_5(Australia),2025-10-16T00:39:25.164(1760575165164),251016_003921/level-0,-4.164
58,belmopan(belize),2025-10-14T17:00:43.677(1760461243677),251014_170039/level-0,-4.677
57,seomjingang,2025-10-10T02:45:00.228(1760064300228),251010_024456/level-0,-4.228
56,baish(mangrove),2025-10-04T08:17:57.777(1759565877777),251004_081753/level-0,-4.777
55,GBR_5(Australia),2025-10-04T00:35:44.968(1759538144968),251004_003540/level-0,-4.968
54,Kensas(US),2025-10-03T18:02:20.515(1759514540515),251003_180216/level-0,-4.515
53,gwadar_port(pakistan),2025-09-29T07:02:18.092(1759129338092),250929_070214/level-0,-4.092
52,GBR_3(Australia),2025-09-29T00:55:55.198(1759107355198),250929_005551/level-0,-4.198
51,palm_islands(uae),2025-09-28T07:25:19.549(1759044319549),250928_072515/level-0,-4.549
50,Khok_Kathiam_Airport(thailand),2025-09-28T04:19:01.105(1759033141105),250928_041857/level-0,-4.105
49,kangerlussuaq(greenland),2025-09-27T15:29:17.446(1758986957446),250927_152913/level-0,-4.446
48,harbin(china),2025-09-27T02:59:12.551(1758941952551),250927_025908/level-0,-4.551
47,Khuvsgul_Lake(mongolia),2025-09-26T04:55:03.607(1758862503607),250926_045459/level-0,-4.607
46,GBR_6(Australia),2025-09-26T00:30:52.681(1758846652681),250926_003048/level-0,-4.681
45,shosseynaya(rusia),2025-09-25T08:28:50.824(1758788930824),250925_082846/level-0,-4.824
44,burj_al_arab,2025-09-24T07:22:10.355(1758698530355),250924_072206/level-0,-4.355
43,Wrocław(Poland),2025-09-20T10:20:18.058(1758363618058),250920_102014/level-0,-4.058
42,harare(zimbabwe),2025-09-17T08:37:22.410(1758098242410),250917_083718/level-0,-4.41
41,king_sejong_station(antarctica_korea),2025-09-16T13:55:10.050(1758030910050),250916_135506/level-0,-4.05
40,namhae_gun(korea),2025-09-03T02:35:36.098(1756866936098),250903_023532/level-0,-4.098
39,busan(korea),2025-08-21T02:37:45.145(1755743865145),250821_023741/level-0,-4.145
38,melitopol(ukraine),2025-08-16T09:07:14.341(1755335234341),-,
37,kerr_county(usa_texas),2025-08-14T17:48:00.104(1755193680104),250814_174756/level-0,-4.104
36,bordeaux(france),2025-08-14T11:25:51.524(1755170751524),250814_112547/level-0,-4.524
35,budapest(hungary),2025-08-13T10:12:19.265(1755079939265),250813_101215/level-0,-4.265
34,dili(east_timor),2025-08-09T02:26:34.765(1754706394765),250809_022630/level-0,-4.765
33,palmanova(italy),2025-08-08T10:26:39.817(1754648799817),250808_102635/level-0,-4.817
32,pyongyang(north_korea),2025-08-07T02:57:13.584(1754535433584),250807_025709/level-0,-4.584
31,apple_park(usa),2025-08-05T19:26:29.866(1754421989866),250805_192625/level-0,-4.866
30,damascus(syria),2025-08-04T08:47:12.968(1754297232968),250804_084708/level-0,-4.968
29,pillian(mangrove#1),2025-08-03T02:56:12.743(1754189772743),250803_025608/level-0,-4.743
28,tubarjal(saudi_arabia),2025-07-31T08:39:38.894(1753951178894),-,
27,ferrari_world,2025-07-30T07:28:05.200(1753860485200),250730_072801/level-0,-4.2
26,mt_st_helens(usa),2025-07-27T19:28:41.250(1753644521250),250727_192837/level-0,-4.25
25,pyongsan(north_korea),2025-07-25T02:53:17.658(1753411997658),250725_025313/level-0,-4.658
24,baghdad(iraq),2025-07-19T08:11:49.423(1752912709423),250719_081145/level-0,-4.423
23,helsinki(finland),2025-07-18T10:00:29.788(1752832829788),250718_100025/level-0,-4.788
22,hormuz(iran),2025-07-17T07:21:42.165(1752736902165),250717_072138/level-0,-4.165
21,durrat_al_bahrain(bahrain),2025-07-16T07:42:59.536(1752651779536),250716_074255/level-0,-4.536
20,jamsil_complex,2025-07-12T02:46:25.939(1752288385939),250712_024621/level-0,-4.939
19,hoover_dam,2025-07-11T18:53:52.552(1752260032552),250711_185348/level-0,-4.552
18,natanz_nuclear_facility(iran),2025-07-07T07:42:24.783(1751874144783),250707_074220/level-0,-4.783
17,suez_canal,2025-06-29T08:57:13.038(1751187433038),250629_085709/level-0,-4.038
16,andong,2025-06-29T02:37:12.457(1751164632457),250629_023708/level-0,-4.457
15,longyearbyen(svalbard),2025-06-28T12:14:20.473(1751112860473),250628_121416/level-0,-4.473
14,isfahan_nuclear_tech_enter(iran),2025-06-28T07:43:04.012(1751096584012),-,
13,norilsk(russia),2025-06-27T06:19:32.070(1751005172070),250627_061928/level-0,-4.07
12,novosibirsk(russia),2025-06-19T06:01:39.402(1750312899402),-,
11,ny_alesund(svalbard),2025-06-18T12:34:13.398(1750250053398),-,
10,alert(canada),2025-06-17T19:12:06.001(1750187526001),-,
9,alert(canada),2025-06-16T22:40:25.131(1750113625131),-,
8,kin_kora(australia),2025-06-13T00:34:17.644(1749774857644),-,
7,sandonaci(italy),2025-06-12T10:05:45(1749722745000),250612_100542/level-0,-3.0
6,st_peter_basilica,2025-06-11T10:26:07.6(1749637567000),-,
5,budapest(hungary),2025-05-29T10:08:40(1748513320000),-,
4,indo(conflict_zone),2025-05-27T06:09:34(1748326174000),-,
3,ukraine(melitopol),2025-05-23T09:01:53(1747990913000),-,
2,Turkey,2025-05-22T09:24:45.876(1747905885876),-,
1,Australia,2025-05-22T03:14:44(1747883684000),-,
