,PAN,MS1,MS2,MS3,MS4,MS5,MS6,MS7
1,91183.33,9351.05,9271.6,13019.51,7261.77,7786.61,11037.1,65088.1
2,91206.22,9357.31,9278.38,13015.27,7265.62,7798.18,11041.43,65120.82
3,91223.22,9363.49,9283.14,13018.59,7268.72,7793.51,11030.9,65097.64
4,91175.01,9351.68,9267.75,13009.34,7263.32,7792.83,11028.89,65092.92
5,91184.73,9363.45,9274.87,13011.29,7266.64,7794.74,11038.52,65102.91
6,91167.49,9366.85,9270.25,13015.39,7261.07,7789.43,11038.92,65077.55
7,91148.1,9352.35,9268.77,13014.74,7258.87,7792.89,11028.35,65070.45
8,91151.07,9360.82,9264.33,13018.14,7264.45,7789.92,11032.35,65075.35
9,91171.88,9371.93,9267,13014.37,7262.76,7797.89,11027.76,65089.83
10,91168.71,9367.58,9265.38,13007.78,7259.76,7794.33,11029.4,65052.03
11,91155.49,9369.1,9265.06,13012.34,7265.99,7791.08,11025.78,65090.52
12,91146.05,9351.41,9263.3,13016.62,7263.63,7792.51,11029.27,65064.72
13,91140.67,9353.05,9266.29,13011.79,7251.36,7792.21,11025.63,65055.92
14,91142.77,9364.9,9268.72,13013.54,7262.37,7794.58,11029.57,65058.96
15,91171.35,9364.84,9276.48,13012.13,7261.43,7785.11,11036.24,65076.27
16,91124.58,9357.67,9261.26,13002.69,7255.65,7788.27,11028.21,65057.24
17,91145.04,9372.34,9264.01,13014.32,7258.35,7786.37,11035.1,65081.13
18,91181.78,9367.96,9279,13013.99,7259.53,7784.34,11028.98,65079.64
19,91164.23,9366.05,9276.86,13015.64,7261.52,7786.51,11028.22,65061.88
20,91133.91,9350.53,9269.95,13009.25,7257.07,7785.03,11032.08,65081.54
21,91124.85,9368.71,9267.82,13009.62,7256.95,7788.62,11033.12,65073.01
22,91119.3,9373.38,9264.51,13019.42,7257.85,7786.09,11034.5,65046.98
23,91153.47,9372.07,9273.32,13007.65,7260.26,7790.59,11035.8,65044.17
24,91114.19,9364.78,9268.47,13002.87,7257.7,7783.34,11028.51,65058.71
25,91099.47,9354.69,9262.59,12999.82,7262,7793.1,11028.4,65049.85
26,91124.03,9361.78,9269.21,13003.84,7260.03,7789.39,11043.54,65052.39
27,91110.86,9360.33,9268.19,12993.25,7250.38,7786.68,11031.55,65055.29
28,91104.08,9362.03,9272.13,12993.35,7251.93,7781.31,11033.17,65037.86
29,91106.36,9357.74,9268.21,13008.07,7257.82,7781.14,11018.29,65039.21
30,91109.47,9375.56,9271.41,13011.32,7251.58,7784.86,11026.62,65050.75
31,91175.66,9363.21,9272.79,13004.33,7259.83,7794.5,11022.77,65032.12
32,91121.02,9359.27,9269.86,13001.53,7258.73,7785.77,11026.9,65020.03
33,91089.4,9361.26,9271.01,13005.97,7249.55,7788.94,11029.4,65020.49
34,91105.77,9354.21,9269.7,13003.89,7250.62,7791.89,11035.24,65031.01
35,91096.88,9360.1,9261.56,13010.94,7253.84,7784.63,11018.92,65047.38
36,91083.36,9357.6,9259.74,12994.17,7257.01,7781.72,11034.28,65024.56
37,91100.73,9360.87,9256.28,13001,7251.21,7783.01,11021.48,65013.76
38,91097.06,9352.5,9258.81,12992.67,7258.31,7791.31,11020.78,65018.25
39,91095,9372.49,9268.21,13003.38,7253.8,7782.49,11031.25,65011.23
40,91076.38,9361.29,9258.08,12998,7254.93,7786.98,11018.85,65032.91
41,91075.06,9355.57,9260.86,13003.08,7255.3,7775.62,11020.56,65030.78
42,91085.45,9366.03,9271.69,12999.27,7249.51,7787.3,11023.31,65022.41
43,91074.33,9360.56,9261.78,12996.5,7253.47,7778.32,11023,65024.79
44,91072.53,9362.32,9261.13,12995.75,7249.25,7786.95,11031.36,65029.19
45,91076.46,9377.7,9264.51,12993.84,7254.44,7780.49,11015.79,65031.24
46,91061.29,9372.9,9255.54,12995.11,7251.33,7780.77,11017.01,65018.64
47,91037.57,9359.52,9254.56,12996.79,7254.47,7778.56,11022.82,65004.77
48,91077.12,9368.62,9249.84,12998.61,7257.89,7779.14,11017.85,64997.93
49,91067.63,9359.47,9262.96,13003.29,7247.67,7775.01,11020.77,64988.53
50,91021.6,9368.19,9252.36,12991.57,7251.59,7774.33,11020.64,64997.44
51,91043.43,9380.93,9256.87,13001.2,7250.64,7782.1,11013.65,64999.48
52,91084.05,9364.45,9264.37,12993.62,7251.85,7782.03,11028.18,65017.54
53,91056.5,9370.97,9264.61,12995.62,7249.38,7778.6,11009.7,64989.36
54,91050.35,9356.02,9257.26,12995.02,7252.45,7784.28,11012.63,64976.8
55,91013.31,9353.97,9258.39,12980.89,7243.01,7773.75,11019.06,64979.77
56,86192,8839.87,8763.05,12310.39,6867.7,7366.33,10440.3,61630.59
57,86130.54,8836.08,8748.12,12298.14,6868.58,7369.07,10434.73,61620.25
58,86145.05,8834.64,8752.79,12305.3,6869.88,7364.87,10431.2,61608.67
59,86158.2,8835.96,8758.62,12295.07,6872.44,7369.67,10429.48,61630.68
60,86180.43,8839.8,8756.18,12303.46,6869.28,7371.98,10436.57,61631.25
61,86173.21,8842.53,8753.02,12306.29,6865.92,7367.76,10444.23,61627.86
62,86177.77,8827.95,8759.21,12309.34,6863.74,7366.35,10439.65,61641.79
63,86141.39,8837.39,8753.99,12302.21,6860.01,7365.05,10438.18,61617.43
64,86168.76,8843.74,8756.75,12305.33,6863.86,7372.77,10438.37,61603.17
65,86147.44,8824.49,8753.68,12299.45,6873.24,7363.99,10432.11,61603.23
66,86156.82,8842.94,8752.19,12297.3,6870.43,7366.63,10440.93,61619.9
67,86135.58,8829.38,8752.1,12300.37,6863.24,7367.89,10434.87,61607.92
68,86156.24,8842.93,8757.23,12299.04,6864.7,7370.24,10434.98,61632.62
69,86154.93,8843.81,8754.87,12306.33,6868.17,7370.14,10427.59,61600.85
70,86136.67,8837.8,8748.29,12300.66,6865.38,7365.38,10435.39,61616.77
71,86138.52,8833.72,8751.55,12302.88,6863.98,7368.25,10437.52,61594.46
72,86133.29,8841.07,8750.39,12295.23,6866.15,7364.24,10429.68,61620.89
73,86149.76,8833.25,8741.52,12300.68,6858.13,7374.92,10433.08,61604.08
74,86132.8,8833.08,8753.16,12293.71,6862.95,7366.27,10435.17,61603.14
75,86085.85,8826.57,8743.75,12291.04,6859.26,7363.69,10424.81,61594.03
76,86146.06,8822.09,8756.87,12299.9,6859.14,7368.92,10433.07,61588.76
77,86125.76,8836.49,8753.44,12294.33,6863.93,7364.02,10434.21,61594.41
78,86115.77,8834.23,8748.87,12284.57,6862.18,7363.63,10432.37,61607.74
79,86118.33,8838.9,8744.58,12298.34,6859.88,7360.26,10429.49,61603.74
80,86100.81,8850.2,8748.51,12288.88,6858.86,7361.15,10438.48,61601.25
81,86127.42,8836.08,8753.16,12301.04,6864.18,7365.03,10427.63,61581.67
82,86099.15,8840.41,8744.81,12298.54,6864.94,7359.16,10435.52,61586.56
83,86097.24,8826.15,8751.45,12290.41,6859.85,7362.46,10430.81,61585.44
84,86096.02,8824.26,8750.43,12292.75,6856.87,7357.95,10431.44,61564.71
85,86061.69,8825.48,8740.76,12282.12,6858.55,7363.64,10421.07,61572.68
86,86127.36,8846.39,8761.61,12293.64,6861.25,7360.47,10426.82,61590.31
87,86110.06,8841.32,8747.49,12288.91,6863.83,7363.27,10429.27,61571.49
88,86088.49,8834.55,8742.31,12297.18,6859,7361.6,10426.73,61555.9
89,86083.86,8837.32,8738.18,12284.2,6864.33,7367.26,10434.33,61580.16
90,86053.72,8839.56,8741.7,12281.17,6854.39,7361.49,10422,61566.63
91,86072.02,8832.89,8754.44,12283.18,6862.27,7354.02,10427.25,61554.61
92,86062.96,8827.35,8739.1,12288.51,6855.86,7357.46,10430.12,61569.12
93,86077.27,8839.51,8747.86,12296.32,6858.97,7357.62,10429.16,61554.28
94,86074.67,8836.88,8737.53,12285.52,6863.02,7363.22,10425.55,61551.87
95,86073.01,8833.43,8751.44,12291.51,6861.94,7360.38,10433.52,61548.9
96,86108.45,8835.39,8747.72,12300.86,6856.45,7362.22,10430.27,61553.08
97,86067.01,8831.57,8745.91,12285.24,6861.63,7361.96,10429.31,61560.47
98,86088.52,8838.77,8750.63,12292.29,6861.63,7359.65,10423.84,61558.41
99,86066.3,8833.24,8749.76,12288.98,6855.26,7362.72,10422.46,61528.89
100,86058.5,8829.14,8747.12,12280.2,6860.3,7359.89,10426.33,61552.3
101,86104.32,8838.08,8750.22,12295.82,6858.14,7364.61,10430.14,61557.25
102,86038.19,8836.76,8733.83,12279.75,6858.72,7360.29,10416.29,61539.99
103,86062.52,8834.82,8742.69,12290.22,6856.48,7357.52,10420.4,61560.82
104,86063.44,8837.07,8745.67,12287.98,6862.38,7353.47,10437.87,61553.01
105,86049.05,8841.53,8752.56,12284.88,6856.34,7357.13,10420.88,61544
106,86069.11,8839.14,8750.5,12277.02,6856.58,7358.65,10421.17,61547.77
107,86035.08,8847.56,8748.52,12284.66,6854.43,7357.19,10415.81,61540.64
108,86047.84,8847.4,8741.24,12281.6,6864.97,7355.84,10424.95,61535.72
109,86078.09,8832.41,8749.64,12295.35,6860.86,7360.41,10418.78,61536.08
110,86036.71,8834.91,8740.71,12286.54,6856.91,7364.82,10417.27,61530.65
111,78952,8074.78,8010.41,11273.94,6303.65,6764.34,9592.68,56718.9
112,78965.3,8082.8,8006.73,11287.47,6296.99,6761.91,9597.38,56688.32
113,78976.84,8076.61,8006.56,11284.86,6306.55,6765.71,9589.12,56677
114,78949.32,8091.95,8009.38,11275.59,6297.95,6761.91,9589.69,56697.89
115,78984.83,8076.26,8007.55,11288.5,6298.85,6771.36,9593.13,56693.06
116,78963.02,8070.42,8012.18,11272.41,6300.94,6765.1,9591.61,56701.18
117,78969.09,8077.17,8011.01,11276.46,6301.77,6764.8,9590.59,56679.79
118,79001.17,8091.83,8007.53,11275.92,6302.83,6766.38,9592.19,56695.4
119,78946.92,8076.93,8007.84,11273.88,6302.82,6763.78,9585.8,56692.52
120,78979.38,8090.83,8017.11,11276.9,6301.37,6767.56,9599.95,56702
121,78962.92,8063.83,8014.92,11275.46,6300.79,6768.51,9585.05,56677.95
122,78968.59,8081.12,7997.99,11284.08,6298.2,6767.36,9589.43,56665.15
123,78972.92,8081.87,8010.44,11273.15,6300.92,6765.33,9589.21,56696.44
124,78935.92,8084.69,7998.45,11278.29,6295.7,6759.92,9593.5,56680.28
125,78954.96,8073.71,8005.14,11274.66,6298.84,6770.17,9582.98,56678.08
126,78942.43,8074.11,8007.09,11274.71,6293.28,6767.79,9594.25,56669.09
127,78934.2,8084.81,8007.59,11270.85,6299.85,6761.28,9589.71,56678.17
128,78959.63,8086.13,7996.8,11282.71,6303.7,6764.93,9594.72,56674.08
129,78930.12,8079.95,8004.51,11272.92,6296.47,6763.92,9592.1,56672.98
130,78946.75,8066.75,8004.74,11277.18,6302.5,6765.21,9592.8,56656.47
131,78947.21,8070.39,8009.2,11277.1,6293.59,6761.78,9583.81,56668.16
132,78947.77,8078.31,8012.08,11273.01,6292.98,6762.86,9588.55,56654.42
133,78946.26,8080,8009.24,11276.49,6298.46,6766.4,9586.93,56657.12
134,78952.48,8073.86,8014.6,11274.07,6299.09,6767.21,9589.58,56668.72
135,78922.29,8076.75,8006.8,11273.14,6296.04,6762.67,9585.85,56660.76
136,78893.88,8078.09,8002.15,11269.11,6300.31,6759.32,9582.73,56652.77
137,78958.2,8091.79,8006.92,11274.93,6300.7,6767.35,9587.23,56668.49
138,78938.76,8084.32,8006.18,11274.55,6301.34,6765.77,9590.18,56669.04
139,78932.46,8091.15,8004.4,11271.04,6297.6,6762.28,9588.41,56667.78
140,78927.27,8080.17,8008.78,11269.54,6294.79,6765.16,9595.29,56667.86
141,78909.26,8077.47,7993.03,11265.31,6296.83,6761.47,9583.12,56654.92
142,78961.4,8084.25,8004.45,11275,6299.59,6759.81,9586.71,56658.05
143,78898.05,8077.99,8002.17,11267.71,6298.73,6762.06,9584,56653.34
144,78893.24,8069.76,8001.88,11275.23,6292.18,6764.2,9584.32,56641.05
145,78921.24,8082.15,8003.49,11273.59,6295.06,6762.47,9580.63,56676.81
146,78894.26,8073.99,8001.17,11272,6297.64,6761.99,9578.73,56666.59
147,78926.35,8080.1,8006.65,11272.68,6297.44,6761.17,9589.39,56660.75
148,78912.91,8073.25,8000.2,11266.4,6293.09,6764.13,9585.87,56657.27
149,78935.55,8088.49,8009.81,11270.57,6295.7,6767.06,9589.33,56660.52
150,78910.9,8069.32,7991.67,11267.46,6296.97,6769.11,9582.44,56664.31
151,78912.31,8085.78,8010.84,11267.02,6294.3,6760.6,9582.9,56658.38
152,78934.79,8081.22,8006.88,11277.17,6294.2,6763.9,9591.24,56670.22
153,78917.75,8077.22,7999.19,11269.81,6296.16,6763.55,9586.95,56652.33
154,78921.42,8088.51,7996.89,11267.88,6295.49,6761.06,9583.01,56656.1
155,78922.85,8070.48,8008.54,11272.81,6295.71,6762.66,9578.4,56636.46
156,78920.3,8087.88,8006.52,11267.49,6293.34,6761.33,9591.2,56662.19
157,78937.48,8082.83,8002.4,11270.17,6297.26,6762.68,9588.17,56647.1
158,78910.62,8074.56,8002.26,11273.89,6288.2,6766.37,9579.4,56664.44
159,78940,8085.59,8009.11,11272.58,6289.9,6770.39,9579.98,56645.49
160,78918.86,8076.58,8006.42,11276.44,6295.78,6758.39,9584.76,56645.12
161,78906.57,8080.63,8005.98,11271.23,6294.73,6761.86,9580.17,56659.92
162,78935.91,8082.33,8003.09,11276.79,6298.15,6759.1,9579.31,56647.34
163,78915.61,8087.79,8007.58,11266.91,6300.63,6762.77,9589.97,56658.76
164,78928.13,8084.23,8005.16,11273.23,6298.98,6767.51,9583.13,56658.73
165,78919.31,8087.64,8009.13,11271.89,6295.06,6760.66,9591.07,56646.91
166,69654.53,7182.02,7094.36,9929.47,5546.23,5945.12,8420.19,49675.89
167,69596.83,7164.44,7080.84,9932.14,5537.2,5948.23,8419.05,49671.41
168,69599.12,7163.34,7084.2,9929.24,5537.99,5945.87,8416.92,49666.45
169,69624.36,7166.56,7087.58,9930.32,5540.59,5946.32,8421.12,49668.78
170,69587.08,7172.25,7086.57,9930.26,5540.49,5943.72,8416.95,49643.96
171,69620.18,7171.44,7087.52,9928.73,5540.92,5943.63,8420.49,49654.32
172,69571.38,7168.26,7078.59,9920.79,5541.2,5940.32,8417.88,49663.16
173,69619.32,7171.8,7088.08,9925.75,5542.33,5948.53,8420.89,49663.47
174,69617.68,7170.73,7077.71,9934.67,5544.32,5944.81,8421.28,49657.29
175,69563.12,7161.15,7082.13,9924.89,5537.38,5942.42,8414.67,49664.34
176,69601.68,7179.74,7089.95,9930.2,5538.36,5938.98,8418.27,49649.55
177,69587.13,7171.35,7085.41,9930.43,5536.09,5944.88,8413.92,49658.31
178,69623.02,7170.78,7085.48,9931.3,5541.65,5944.92,8415.76,49666.52
179,69608.26,7168.79,7089.43,9927.92,5539.09,5940.6,8417.52,49654
180,69592.92,7161.74,7079.5,9931.49,5542.45,5944.55,8415.05,49659.12
181,69595.87,7169.99,7084.11,9929.83,5540.21,5942.53,8418.4,49655.23
182,69627.29,7172.04,7090.6,9921.44,5539.51,5942.59,8412.26,49641.26
183,69611.93,7183.79,7082.19,9935.41,5535.88,5949.66,8417.96,49682.33
184,69610,7170.71,7077.92,9927.41,5540.12,5944.53,8418.46,49648.01
185,69598.88,7168.2,7087.64,9923.91,5538.95,5945.71,8417.71,49681.23
186,69600.65,7168,7093.1,9924.44,5538.87,5941.14,8416.16,49638.2
187,69580.74,7158.87,7082.04,9920.34,5539.73,5943.98,8415.18,49648.09
188,69601.66,7175.45,7080.28,9930.76,5540.38,5947.57,8415.04,49664.41
189,69628.68,7176.35,7086.56,9934.57,5541.39,5949.37,8411.48,49649.53
190,69575.71,7175.49,7081.89,9921.26,5537.45,5943.47,8412.93,49667.04
191,69592.71,7165.52,7086.99,9926.88,5538.67,5946.36,8414.05,49643.5
192,69558.4,7163.56,7077.59,9927.01,5537.02,5938.67,8408.93,49642.98
193,69602.5,7174.63,7080,9922.97,5532.94,5947.98,8415.43,49640.22
194,69571.49,7176.07,7085.31,9922.69,5534.39,5943.6,8412.26,49648.45
195,69532.79,7162.76,7080.31,9914.38,5531.25,5940.24,8413.21,49634.74
196,69614.78,7173.59,7092.61,9927.29,5539.77,5947.99,8412.52,49635.53
197,69549.13,7164.56,7083.42,9914.38,5534.05,5942.65,8412.93,49630.24
198,69562.56,7173.39,7081.46,9918.77,5536.42,5946.39,8410.84,49627.9
199,69581.25,7182.34,7083.76,9927.26,5535.85,5942.92,8418.56,49650.62
200,69563.07,7170.3,7073.94,9925.53,5535.92,5944.44,8412.25,49648.21
201,69566.9,7175.29,7083.39,9924.64,5535.29,5943.33,8414.56,49636.27
202,69549.25,7172.45,7080.36,9921.05,5533.55,5941.71,8413.88,49635.51
203,69583.15,7170.52,7087.33,9921.41,5535.56,5942.37,8415.46,49637.67
204,69564.66,7174.53,7085.81,9921.23,5535.62,5943.86,8409.98,49635.41
205,69567.82,7165.57,7088.91,9924.25,5534.11,5939.36,8413.44,49648.5
206,69581.58,7160.08,7079.75,9929.16,5537.24,5941.76,8413.08,49627.37
207,69542.41,7168.75,7080.36,9914.07,5534.75,5937.29,8410.16,49622.36
208,69558.44,7166.04,7081.76,9922.43,5537.95,5939.69,8413.5,49626.85
209,69551.17,7168.68,7080.64,9921.2,5535.17,5944.3,8410.14,49618.13
210,69560.79,7170.71,7072.51,9923.59,5539.5,5947.2,8405.95,49619.84
211,69551,7164.51,7071.33,9922.09,5537.68,5940.32,8417.05,49609.62
212,69547.85,7165.5,7079.28,9924.09,5538.7,5938.89,8409.01,49624.29
213,69582.76,7177.44,7081.95,9923.29,5531.88,5943.23,8412.8,49626.21
214,69548.9,7173.33,7087.87,9914.41,5535.45,5940.75,8411.18,49623.99
215,69532.25,7170.41,7078.09,9918.3,5530.08,5941.32,8410.15,49631.84
216,69572.38,7170.85,7087.58,9917.54,5534.85,5944.88,8410.75,49604.8
217,69548.36,7167.64,7078.84,9913.6,5535.28,5940.87,8407.64,49629.23
218,69544.77,7169.81,7077.41,9920.63,5537.25,5939.58,8406.08,49614.6
219,69574.1,7168.81,7085.17,9921.07,5533.98,5946.82,8406.81,49613.12
220,69554.67,7167.68,7077.21,9918.47,5535.43,5943.98,8411.54,49626.28
221,67772.64,6966.72,6898.78,9665.11,5395.34,5787.54,8187.26,48375.88
222,67765.44,6959.99,6899.64,9669.54,5392.77,5783.13,8195.01,48367.55
223,67764.65,6974.47,6892.8,9673.36,5393.39,5787.19,8197.62,48376.9
224,67780.12,6985.14,6900.73,9663.97,5397.09,5787.19,8200.68,48374.72
225,67785.56,6978.4,6891.15,9669.71,5391.31,5792.91,8195.45,48374.98
226,67765.13,6967,6897.49,9671.91,5399.29,5788.02,8195.94,48382.97
227,67760.68,6966.55,6886.43,9666.91,5398.05,5789.03,8198.99,48353.07
228,67781.21,6980.1,6897.91,9670.72,5397.91,5789.48,8195.42,48373.61
229,67776.14,6978.85,6899.05,9668.41,5396.25,5789.25,8193.75,48366.82
230,67759.87,6971.21,6889.31,9670.43,5399.26,5785.95,8196.32,48360.74
231,67758.78,6973.97,6896.93,9662.92,5392.99,5785,8198.79,48380.46
232,67789.71,6975.2,6906.68,9669.37,5394.52,5790.27,8192.53,48362.57
233,67779.54,6968.87,6896.98,9668.22,5396.54,5788.34,8198.48,48389.73
234,67800.72,6986.81,6896.54,9667.52,5397.61,5793.8,8197.53,48374.15
235,67765.14,6972.5,6898.04,9665.22,5396.62,5787.06,8194.55,48379.68
236,67813.71,6979.94,6897.39,9667.13,5393.08,5785.5,8194.57,48377.65
237,67810.42,6973.33,6899.45,9676.01,5396.21,5793.17,8196.38,48373.49
238,67778.47,6966.28,6898.55,9669.38,5396.98,5792.21,8199.11,48375.17
239,67783.67,6977.01,6896.12,9674.96,5393.57,5787.69,8199.54,48385.83
240,67821.12,6984.85,6902.7,9677.93,5398.79,5789.32,8200.19,48383.24
241,67756.09,6979.2,6892.86,9663.17,5393.3,5788.81,8198.29,48373.87
242,67801.78,6976.68,6897.47,9675.44,5396.45,5790.77,8198.61,48383.19
243,67760.57,6969.54,6901.38,9665.28,5394.74,5791.23,8190.39,48382.55
244,67766.14,6983.13,6896.38,9666.18,5397.58,5790.92,8203.61,48385.59
245,67825.66,6985.75,6904.85,9673.11,5397.82,5791.25,8201.6,48394.06
246,67773.94,6976.13,6897.46,9671.9,5396.65,5787.22,8199.07,48392.35
247,67811.15,6980.16,6901.21,9674.59,5397.78,5790.03,8204.69,48378.17
248,67775.84,6973.24,6904.53,9668.17,5390.92,5787.96,8195.91,48383.47
249,67856.56,6981.66,6904.52,9675.61,5398.64,5793.7,8202.19,48380.64
250,67775.5,6987.35,6903.32,9667.13,5395.81,5793.44,8192.69,48385.64
251,67804.96,6981.9,6898.29,9679.19,5397.3,5794.87,8196.19,48380.53
252,67812.81,6988.36,6898.96,9675.62,5398.05,5790.29,8198.64,48391.1
253,67772.21,6978.77,6896.64,9673.92,5393.19,5790.65,8195.77,48407.35
254,67818.94,6979.35,6896.75,9674.27,5395.51,5794.69,8197.15,48391.78
255,67790.39,6982.09,6901.11,9670.11,5400.18,5788.16,8199.35,48380.86
256,67793.1,6978.56,6903.91,9669.54,5397.23,5786.84,8198.87,48397.83
257,67804.12,6980.06,6904.16,9674.47,5396.19,5789.35,8203.98,48407.77
258,67786.41,6980.6,6901.9,9672.46,5394.57,5786.28,8201.4,48401.14
259,67848.6,6986.01,6908.32,9679.79,5399.71,5793.84,8206.27,48396.82
260,67821.26,6992.48,6900.07,9672.32,5397.99,5796.31,8197.93,48411.95
261,67801.11,6984.82,6902.45,9667.72,5399.88,5787.94,8203.68,48396.1
262,67855.24,6995.21,6909.23,9678.39,5400.18,5796.38,8208.07,48405.13
263,67817.74,6982.06,6899.22,9677.9,5400.12,5792.55,8202.65,48409.77
264,67845.88,6983.4,6905.89,9684.62,5400.83,5790.51,8204.44,48398.12
265,67810.9,6979.68,6906.07,9675.34,5396.79,5791.7,8206.74,48390.28
266,67837.87,6986.4,6899.67,9676.45,5397.94,5791.59,8206.41,48419.97
267,67849.9,6981.95,6906.25,9681.98,5397.89,5794.4,8206.75,48412.57
268,67810.46,6988.36,6898.35,9674.56,5397.33,5790.96,8205.17,48420.83
269,67847.93,6996.49,6906.26,9682.46,5401.24,5790.69,8206.24,48407.08
270,67845.47,6993.95,6909.07,9678.2,5398.47,5795.71,8207.47,48410.54
271,67813.84,6982.92,6900.7,9679.47,5404.5,5793.56,8204.55,48408.81
272,67825.22,6991.19,6905.66,9679.49,5397.78,5788.93,8195.99,48405.71
273,67820.1,6987.68,6901.28,9679.1,5395.59,5792.37,8203.39,48408.86
274,67892.14,6991.48,6913.71,9686.65,5405.5,5796.71,8202.72,48409.46
275,67844.97,6998.09,6907.16,9679.77,5395.95,5797.05,8206.07,48414.23
276,64666.4,6638.48,6577.16,9228.3,5149.65,5525.17,7828.39,46233.57
277,64687.57,6643.94,6577.03,9232.59,5152.19,5528.08,7834.67,46235.19
278,64672.1,6654,6575.41,9232.72,5155.11,5529.21,7834.68,46232.45
279,64693.79,6650.23,6575.45,9234.7,5152.77,5533.79,7833.19,46229.11
280,64685.72,6647.26,6578.94,9232.7,5151.58,5531.43,7829.42,46233.33
281,64656.02,6647.62,6575.99,9230.19,5150.62,5526.5,7829.22,46245.89
282,64697.53,6647.73,6580.16,9232.1,5153.41,5529.1,7834.25,46240.74
283,64671.77,6649.32,6576.04,9225.41,5147.95,5528.67,7828.59,46225.96
284,64704.72,6656.99,6577.82,9230.64,5154.21,5528.38,7835.16,46242.53
285,64699.66,6657.57,6580.48,9235.71,5153.16,5530.57,7840.31,46249.2
286,64669.59,6646.45,6567.63,9231.31,5152.89,5524.5,7835.51,46251.34
287,64700.93,6646.53,6580.91,9232.38,5155.06,5527.64,7840.49,46231.46
288,64677.94,6643.29,6573.64,9228.4,5153.57,5529.85,7831.42,46236.87
289,64705.48,6649.73,6578.5,9230.33,5151.95,5527.99,7837.61,46244.84
290,64686.98,6656.81,6573.35,9235.65,5154.31,5530.28,7834.18,46248.61
291,64682.28,6652.03,6580.7,9231.83,5150.18,5531.12,7830.42,46251.53
292,64711.9,6654.86,6582.24,9228.92,5156.01,5532.41,7834.33,46252.15
293,64681.31,6652.24,6584.1,9225.71,5152.25,5527.5,7831.61,46248.29
294,64702.25,6658.1,6580.48,9230.4,5155.16,5529.41,7834.69,46231.75
295,64704.56,6649.93,6576.3,9234.94,5155.52,5532.44,7834.37,46254.27
296,64697.5,6655.01,6579.23,9237.32,5151.15,5532.04,7834.77,46252.17
297,64732.31,6659.38,6575.2,9238.33,5157.1,5533.92,7837.87,46258.05
298,64707.68,6653.44,6582.77,9238.12,5158.41,5531.35,7833.3,46274.25
299,64718.68,6653.58,6573.81,9238.58,5155.13,5532.21,7837.93,46258.47
300,64715.6,6652.24,6582.86,9236.38,5155.17,5531.71,7838.79,46261.65
301,64684.46,6649.91,6577.2,9228.58,5152.98,5526.36,7833.73,46248.14
302,64718.68,6657.85,6582.51,9238.67,5154.54,5527.13,7836.58,46259.18
303,64682.24,6648.19,6577.34,9230.17,5150.33,5530.12,7835.5,46248.29
304,64721.54,6656.72,6586.98,9237.91,5149.4,5527.65,7832.31,46237.47
305,64723.83,6655.95,6583.95,9241.11,5153.78,5532.62,7833.3,46260.43
306,64689.4,6650.95,6582.01,9229.17,5149.62,5529.07,7829.01,46257.96
307,64727.19,6661.67,6584.55,9234.77,5157,5535.3,7830.61,46263.69
308,64690.93,6653.49,6577.93,9233.26,5150.5,5526.94,7837.31,46251.92
309,64728.9,6662.47,6579.44,9237.71,5160.76,5532.03,7831.23,46266.06
310,64697.09,6653.29,6579.61,9237.02,5154.28,5529.93,7830.71,46269.61
311,64721.85,6658.62,6575.16,9234.29,5153,5529.47,7837.87,46284.89
312,64733,6653.15,6586.19,9232.09,5152.28,5535.58,7837.1,46259.17
313,64691.38,6653.9,6583.35,9228.44,5150.12,5528.85,7834.14,46277.98
314,64783.76,6666.36,6592.28,9247.71,5155.86,5535.08,7835.59,46250.49
315,64719.28,6649.88,6583.51,9229.96,5153.49,5527.75,7835.13,46276.33
316,64701.89,6656.38,6581.86,9236.21,5154.11,5530.59,7838.53,46271.85
317,64756.31,6662.11,6588.81,9239.07,5158.17,5536.21,7833.6,46264.79
318,64709.58,6656.48,6581.83,9235.01,5157.47,5528.51,7835.98,46271.1
319,64733.49,6659.81,6588.8,9235.48,5155.71,5533.5,7837.22,46248.46
320,64729.02,6659.87,6586.05,9240.28,5154.11,5533.87,7838.66,46271.01
321,64741.66,6664.89,6581.05,9240.87,5154.76,5532.66,7833.81,46279.78
322,64749.79,6665.34,6582.54,9240.16,5157.89,5531.95,7842.31,46276.02
323,64716.76,6663.36,6582.94,9235.7,5153.91,5526.37,7838.74,46277.72
324,64758.9,6653.6,6587.89,9243.3,5156.74,5536.89,7838.12,46274.59
325,64740.09,6659.99,6580.32,9242.15,5150.84,5531.65,7839.79,46271.75
326,64726.9,6654.43,6581.66,9238.72,5157.92,5534.48,7836.79,46281.45
327,64752.08,6661.56,6588.89,9240.86,5157.25,5532.42,7841.36,46272.48
328,64741.37,6669.26,6588.16,9235.02,5158.55,5533.93,7841.41,46288.56
329,64756.35,6665.95,6585.91,9245.5,5158.8,5533.85,7840.08,46284.88
330,64756.35,6665.95,6585.91,9245.5,5158.8,5533.85,7840.08,46284.88
331,64666.4,6638.48,6577.16,9228.3,5149.65,5525.17,7828.39,46233.57
332,64687.57,6643.94,6577.03,9232.59,5152.19,5528.08,7834.67,46235.19
333,64672.1,6654,6575.41,9232.72,5155.11,5529.21,7834.68,46232.45
334,64693.79,6650.23,6575.45,9234.7,5152.77,5533.79,7833.19,46229.11
335,64685.72,6647.26,6578.94,9232.7,5151.58,5531.43,7829.42,46233.33
336,64656.02,6647.62,6575.99,9230.19,5150.62,5526.5,7829.22,46245.89
337,64697.53,6647.73,6580.16,9232.1,5153.41,5529.1,7834.25,46240.74
338,64671.77,6649.32,6576.04,9225.41,5147.95,5528.67,7828.59,46225.96
339,64704.72,6656.99,6577.82,9230.64,5154.21,5528.38,7835.16,46242.53
340,64699.66,6657.57,6580.48,9235.71,5153.16,5530.57,7840.31,46249.2
341,64669.59,6646.45,6567.63,9231.31,5152.89,5524.5,7835.51,46251.34
342,64700.93,6646.53,6580.91,9232.38,5155.06,5527.64,7840.49,46231.46
343,64677.94,6643.29,6573.64,9228.4,5153.57,5529.85,7831.42,46236.87
344,64705.48,6649.73,6578.5,9230.33,5151.95,5527.99,7837.61,46244.84
345,64686.98,6656.81,6573.35,9235.65,5154.31,5530.28,7834.18,46248.61
346,64682.28,6652.03,6580.7,9231.83,5150.18,5531.12,7830.42,46251.53
347,64711.9,6654.86,6582.24,9228.92,5156.01,5532.41,7834.33,46252.15
348,64681.31,6652.24,6584.1,9225.71,5152.25,5527.5,7831.61,46248.29
349,64702.25,6658.1,6580.48,9230.4,5155.16,5529.41,7834.69,46231.75
350,64704.56,6649.93,6576.3,9234.94,5155.52,5532.44,7834.37,46254.27
351,64697.5,6655.01,6579.23,9237.32,5151.15,5532.04,7834.77,46252.17
352,64732.31,6659.38,6575.2,9238.33,5157.1,5533.92,7837.87,46258.05
353,64707.68,6653.44,6582.77,9238.12,5158.41,5531.35,7833.3,46274.25
354,64718.68,6653.58,6573.81,9238.58,5155.13,5532.21,7837.93,46258.47
355,64715.6,6652.24,6582.86,9236.38,5155.17,5531.71,7838.79,46261.65
356,64684.46,6649.91,6577.2,9228.58,5152.98,5526.36,7833.73,46248.14
357,64718.68,6657.85,6582.51,9238.67,5154.54,5527.13,7836.58,46259.18
358,64682.24,6648.19,6577.34,9230.17,5150.33,5530.12,7835.5,46248.29
359,64721.54,6656.72,6586.98,9237.91,5149.4,5527.65,7832.31,46237.47
360,64723.83,6655.95,6583.95,9241.11,5153.78,5532.62,7833.3,46260.43
361,64689.4,6650.95,6582.01,9229.17,5149.62,5529.07,7829.01,46257.96
362,64727.19,6661.67,6584.55,9234.77,5157,5535.3,7830.61,46263.69
363,64690.93,6653.49,6577.93,9233.26,5150.5,5526.94,7837.31,46251.92
364,64728.9,6662.47,6579.44,9237.71,5160.76,5532.03,7831.23,46266.06
365,64697.09,6653.29,6579.61,9237.02,5154.28,5529.93,7830.71,46269.61
366,64721.85,6658.62,6575.16,9234.29,5153,5529.47,7837.87,46284.89
367,64733,6653.15,6586.19,9232.09,5152.28,5535.58,7837.1,46259.17
368,64691.38,6653.9,6583.35,9228.44,5150.12,5528.85,7834.14,46277.98
369,64783.76,6666.36,6592.28,9247.71,5155.86,5535.08,7835.59,46250.49
370,64719.28,6649.88,6583.51,9229.96,5153.49,5527.75,7835.13,46276.33
371,64701.89,6656.38,6581.86,9236.21,5154.11,5530.59,7838.53,46271.85
372,64756.31,6662.11,6588.81,9239.07,5158.17,5536.21,7833.6,46264.79
373,64709.58,6656.48,6581.83,9235.01,5157.47,5528.51,7835.98,46271.1
374,64733.49,6659.81,6588.8,9235.48,5155.71,5533.5,7837.22,46248.46
375,64729.02,6659.87,6586.05,9240.28,5154.11,5533.87,7838.66,46271.01
376,64741.66,6664.89,6581.05,9240.87,5154.76,5532.66,7833.81,46279.78
377,64749.79,6665.34,6582.54,9240.16,5157.89,5531.95,7842.31,46276.02
378,64716.76,6663.36,6582.94,9235.7,5153.91,5526.37,7838.74,46277.72
379,64758.9,6653.6,6587.89,9243.3,5156.74,5536.89,7838.12,46274.59
380,64740.09,6659.99,6580.32,9242.15,5150.84,5531.65,7839.79,46271.75
381,64726.9,6654.43,6581.66,9238.72,5157.92,5534.48,7836.79,46281.45
382,64752.08,6661.56,6588.89,9240.86,5157.25,5532.42,7841.36,46272.48
383,64741.37,6669.26,6588.16,9235.02,5158.55,5533.93,7841.41,46288.56
384,64756.35,6665.95,6585.91,9245.5,5158.8,5533.85,7840.08,46284.88
385,64756.35,6665.95,6585.91,9245.5,5158.8,5533.85,7840.08,46284.88
386,49579.53,5159.6,5076.94,7064.83,3931.27,4208.89,5952.96,35012.31
387,49549.73,5150.43,5068.73,7059.69,3931.72,4210.78,5954.66,35036.29
388,49570.9,5164.52,5075.11,7061.16,3933.37,4212.68,5959.23,35033.9
389,49572.2,5156.94,5073.89,7066.88,3932.4,4210.18,5957.88,35044.76
390,49554.53,5159.58,5071.58,7063.65,3929.03,4210.31,5957.45,35042.19
391,49562.13,5158.31,5072.11,7061.18,3932.16,4211.78,5956.01,35028.63
392,49544.61,5149.29,5072.2,7058.32,3929.27,4211.08,5955.79,35034.27
393,49583.37,5159.12,5077.83,7068.78,3932.44,4211.57,5959.23,35046.74
394,49537.7,5154.9,5070.06,7059.36,3927.17,4210.79,5952.85,35020.23
395,49552.75,5153.9,5068.46,7060.94,3928.16,4211.13,5954.99,35028.25
396,49553.26,5160.34,5074.07,7063.04,3930.19,4215.57,5954.49,35037.03
397,49533.93,5159.34,5071.09,7056.75,3928.92,4213.81,5952.93,35037.9
398,49551.89,5153.87,5073.5,7060.12,3926.46,4211.08,5954.69,35027.57
399,49556.38,5161.88,5070.35,7058.25,3928.57,4214.12,5956.55,35045.82
400,49541.86,5160.04,5068.41,7061.3,3927.64,4207.26,5952.94,35037.38
401,49556.89,5161.83,5070.9,7058.02,3928.25,4211.1,5956.92,35038.24
402,49542.5,5151.83,5069.65,7056.56,3929.76,4209.52,5956.56,35026.52
403,49542.63,5152.05,5071.59,7058.33,3926.7,4212.05,5951.67,35026.28
404,49543.94,5155.53,5068.47,7060.36,3929.23,4207.7,5954.36,35032.58
405,49560.29,5157.1,5071.16,7061.78,3926.68,4210.27,5959.35,35030.35
406,49543.1,5159.85,5070.8,7054.67,3930.1,4212.02,5955.97,35034.97
407,49548.98,5159.95,5073.27,7057.39,3931.8,4207.35,5949.79,35024.13
408,49534.91,5156.06,5065.54,7057.6,3933.04,4212.06,5956.2,35037.4
409,49540.44,5148.66,5063.9,7057.86,3929.67,4213.95,5954.58,35033.42
410,49555.59,5160.17,5075.58,7061.66,3927.58,4214.11,5960.72,35022.94
411,49569.63,5157.72,5073.88,7062.71,3932.18,4206.35,5956.73,35036.33
412,49536.54,5148.81,5069.83,7055.3,3928.31,4211.03,5953.93,35030.72
413,49563.99,5156.06,5073.34,7061.65,3933.38,4214.15,5955.67,35032.35
414,49541.76,5151.45,5067,7056.99,3927.12,4213.33,5954.12,35035.09
415,49541.98,5153.38,5067.3,7056.53,3930.74,4211.24,5951.48,35037.67
416,49531.42,5150.81,5067.19,7059.57,3930.58,4209.16,5959.37,35027.78
417,49553.31,5151.75,5070.55,7058.29,3928.24,4209.2,5960.32,35038.7
418,49550.75,5159.91,5069.87,7060.33,3929.12,4208.12,5954.94,35023.93
419,49533.57,5153.44,5071.57,7055.1,3927.2,4205.61,5954.47,35023.76
420,49556.73,5159.99,5070.49,7058.97,3928.71,4209.55,5955.24,35031.06
421,49527.44,5154.49,5069.66,7056.26,3930.02,4207.56,5952.03,35018.22
422,49523.69,5155.5,5067.33,7056.03,3927.85,4210.55,5952.59,35018.79
423,49553.45,5169.25,5074.84,7057.61,3928.91,4213.72,5957.63,35033.93
424,49494.23,5149.11,5061.34,7051.2,3926.46,4205.35,5948.83,35018.16
425,49536.27,5156.55,5073.11,7059.61,3928.66,4210.44,5956.31,35023.93
426,49548.68,5156.86,5067.87,7059.21,3929.73,4213.64,5950.23,35030.06
427,49540.38,5152.85,5067.53,7057.72,3926.38,4210.92,5953.27,35036.06
428,49550.52,5160.45,5073.99,7061.5,3928.95,4210.43,5952.59,35038.47
429,49517.48,5153.04,5069.2,7056.65,3923.76,4203.69,5948.97,35016.76
430,49530.09,5155.33,5070.37,7053.71,3927.14,4210.32,5950.21,35015.84
431,49523.13,5152.16,5071.47,7056.57,3928.88,4208.29,5951.65,35018.58
432,49526.21,5154.54,5067.49,7057.2,3929.77,4211.12,5957.43,35038.9
433,49538.24,5161.53,5063.95,7058.13,3930.45,4208.01,5951.71,35022.63
434,49526.78,5160.12,5073.43,7055.23,3928.54,4210.58,5955.55,35023.17
435,49518.98,5162.02,5071,7054.61,3927.86,4205.76,5947.26,35012.99
436,49537.84,5156.36,5071.73,7061.72,3927.66,4207.93,5952.82,35021.13
437,49533.01,5157.13,5072.69,7055.99,3927.72,4210.84,5951.44,35024.7
438,49493.21,5152.39,5061.13,7054.32,3923.69,4205.25,5952.14,35010.03
439,49532.52,5158.8,5069.27,7052.29,3930.28,4208.64,5955.22,35021.32
440,49532.52,5158.8,5069.27,7052.29,3930.28,4208.64,5955.22,35021.32
441,44601.23,4618.49,4552.34,6354.75,3540.87,3799.85,5374.59,31635.9
442,44619.95,4624.03,4559.93,6361.12,3539.07,3796.82,5374.52,31638.44
443,44621.7,4622.15,4559.7,6358.6,3540.55,3797.45,5376.73,31642.73
444,44601.01,4620.58,4553.13,6356.07,3541.72,3797.45,5375.22,31632.21
445,44618.94,4626.9,4557.09,6360.04,3543.48,3797.04,5374.88,31632.9
446,44604.57,4623.97,4557.65,6355.33,3544.38,3796.26,5367.57,31626.93
447,44599.06,4625.79,4555.24,6358.29,3539.82,3795.3,5374.4,31627.31
448,44626.64,4624.27,4555.14,6357.34,3541.63,3802.78,5374.61,31647.46
449,44612.01,4627.07,4557.89,6356.37,3543.89,3798.11,5375.91,31630.88
450,44607.02,4633.5,4555.88,6357.26,3542.42,3797.91,5372.69,31625.87
451,44611.38,4626.83,4556.62,6359.86,3540.33,3795.2,5372.84,31630.57
452,44608.85,4625.36,4555.65,6359.68,3542.8,3798.61,5370.6,31631.75
453,44617.82,4629,4553.99,6360.77,3538.35,3799.52,5374.83,31639.6
454,44601.9,4625.16,4558.69,6357.28,3543.94,3795.15,5368.61,31624.68
455,44608.55,4626.04,4560.79,6358.53,3540,3794.68,5370,31629.15
456,44596.14,4626.9,4556.51,6355.52,3539.92,3796.63,5367.83,31624.55
457,44604.68,4625.57,4554.59,6360.18,3543.09,3793.89,5371.48,31619.5
458,44591.72,4626.25,4555.33,6356.2,3540.05,3797.64,5368.89,31619.88
459,44591.16,4622.88,4555,6357.06,3540.6,3792.71,5367.96,31606.79
460,44624.29,4630,4558.92,6363.7,3542.86,3797.87,5371.51,31623.34
461,44563.19,4625.01,4554.49,6353.48,3537.27,3794.51,5367.05,31609.08
462,44619.6,4628.75,4559.12,6358.3,3540.26,3796.96,5370.85,31626.4
463,44600.2,4630.2,4552.44,6358.54,3540.7,3798.19,5372.13,31621.59
464,44588.98,4623.71,4554.81,6356.63,3541.98,3796.79,5366.65,31620.61
465,44605.31,4625.32,4557,6359.8,3541.01,3795.05,5371.54,31619.58
466,44593.22,4625.54,4556.32,6355.01,3545.42,3796.09,5371.95,31620.83
467,44586.41,4626.62,4554.32,6354.76,3538.81,3795.13,5365.53,31617.37
468,44589.59,4622.76,4550.56,6357.8,3539.16,3795.96,5370.26,31616.24
469,44599.2,4626.89,4550.08,6355.62,3540.44,3797.94,5366.4,31615.72
470,44591.1,4624.91,4559.84,6354.75,3538.82,3793.4,5366.42,31611.05
471,44570.79,4624.16,4555.39,6352.87,3536.78,3791.92,5367.62,31607.63
472,44580.12,4624.61,4551.8,6354.48,3542.59,3792.27,5367.28,31604.1
473,44585.65,4621.79,4555.94,6357.7,3543.7,3791.28,5369.64,31618.36
474,44575.16,4614.02,4553.9,6350.99,3540.87,3792.56,5367.85,31613.74
475,44562.46,4619.19,4555.55,6355.06,3535.9,3793.71,5362.38,31597.16
476,44544.46,4622.21,4547.72,6346.52,3539.26,3793.37,5361.24,31604.34
477,44570.76,4630.29,4554.52,6351.88,3540.9,3792.4,5368.27,31605.74
478,44561.23,4624.06,4553.85,6350.01,3536.77,3793.35,5364.16,31605.08
479,44563.95,4624.29,4554.76,6349.15,3538.39,3793.69,5365.22,31590.79
480,44575.07,4623.41,4554.71,6354.05,3537.04,3792.66,5368.59,31604.56
481,44537.61,4619.65,4548.8,6348.71,3535.54,3796.35,5361.98,31585.55
482,44580.69,4623.98,4550.42,6357.14,3540.8,3793.85,5367.58,31606.99
483,44558.28,4620.01,4549.1,6344.5,3538.43,3794.47,5364.64,31592.02
484,44562.55,4624.8,4552.67,6348.98,3538.79,3791.24,5369.4,31597.81
485,44564.96,4626.53,4554.59,6355.68,3536.71,3795.01,5367.16,31600.27
486,44554.01,4618.21,4549.77,6352.19,3536.65,3792.79,5366.08,31605.51
487,44565.55,4619.51,4554.42,6353.42,3536.23,3793.92,5366.97,31587.99
488,44576.18,4624.23,4555.05,6350.22,3536.96,3793.95,5365.83,31606.11
489,44553.09,4619.83,4556.82,6347.5,3534.57,3793.58,5365.87,31598.58
490,44565.87,4620.85,4553.59,6349.41,3539.65,3792.43,5362.15,31598.85
491,44558.44,4619.36,4550.53,6353.5,3536.66,3793.21,5364.81,31593.01
492,44565.81,4625.48,4552.05,6347.01,3539.81,3794.63,5366.72,31591.58
493,44552.18,4624.51,4549.84,6350.31,3538.87,3793.07,5368.95,31591.63
494,44540.87,4622.46,4549.95,6353.25,3535.5,3789.57,5361.79,31581.52
495,44545.68,4617.31,4547.98,6345.41,3540.29,3794.21,5362.87,31581.69
496,37353.16,3846.35,3804.69,5330.59,2974.18,3191.8,4521.43,26666.37
497,37329.65,3848.7,3800.02,5322.87,2971.31,3188.89,4518,26663.89
498,37344.8,3843.89,3799.49,5324.74,2970.33,3189.21,4521.64,26658.11
499,37348.56,3844.64,3803.4,5328.85,2973.57,3192.05,4520.49,26664.08
500,37326.27,3846.33,3799.04,5326.87,2971.36,3190.43,4514.28,26658.42
501,37345.62,3849.78,3801.96,5327.37,2971.92,3191.58,4518.8,26670.14
502,37356.48,3846.47,3799.08,5325.58,2971.96,3188.47,4519.12,26658.44
503,37337.48,3849.94,3801.66,5327.97,2970.3,3187.91,4521.21,26664.86
504,37348.18,3845.92,3804.15,5330.39,2972.03,3190.26,4516.31,26666.86
505,37326.08,3847.89,3799.54,5325.21,2968.34,3189.32,4519.52,26660.09
506,37350.17,3846.88,3803.21,5329.15,2973.59,3191.83,4518.1,26659.69
507,37339.33,3850.04,3804.72,5330,2970.44,3190.12,4518.16,26669.81
508,37318.56,3841.89,3795.12,5324.01,2971.64,3191.12,4516.43,26655.32
509,37338.05,3849.84,3798.52,5323.71,2971.46,3188.95,4519.57,26650.26
510,37340.03,3846.4,3804.42,5326.2,2970.57,3189.56,4518.01,26661.42
511,37355.69,3847,3805.47,5322.63,2972.32,3188.57,4519.23,26661.73
512,37343.47,3851.02,3806.61,5323.15,2973.62,3191.33,4518.07,26659.7
513,37329.76,3842.07,3800.73,5324,2970.99,3190.76,4516.92,26660.6
514,37349.93,3848.86,3801.1,5325.73,2973.6,3191.67,4518.43,26657.72
515,37319.51,3848.55,3799.12,5322.45,2972.79,3186.04,4518.13,26663.4
516,37334.45,3848.87,3801.1,5328.32,2972.67,3190.22,4516.32,26640.97
517,37320.53,3849.08,3800.56,5323.3,2969.36,3186.5,4517.51,26656.02
518,37316.99,3847.61,3795.31,5322.12,2970.97,3187.93,4514.46,26647.2
519,37343.49,3849.41,3805.3,5323.93,2968.01,3190.33,4514.81,26653.56
520,37318.2,3847.58,3800.95,5321.79,2971.6,3189.51,4516.49,26656.75
521,37325.09,3843.73,3801.02,5322.96,2970.55,3188.45,4517.05,26642.87
522,37332.28,3848.43,3800.87,5324.4,2972.71,3188.56,4519.65,26662.14
523,37333.9,3853.73,3797.68,5326.57,2970.72,3190.99,4516.83,26647.76
524,37334.83,3848.31,3804.09,5322.55,2971.22,3186.56,4517.44,26648.15
525,37323.21,3847.97,3801.16,5323.41,2971.25,3187.2,4517.49,26654.98
526,37333.24,3842.78,3800.09,5325.96,2973.27,3188.42,4515.57,26651.66
527,37312.4,3840.88,3797.79,5324.1,2971.04,3186.99,4514.29,26649.79
528,37333.17,3852.51,3799.79,5323.87,2968.95,3188.89,4515.57,26648.87
529,37316.7,3849.35,3800.64,5322.71,2968.03,3187.36,4516.57,26644.9
530,37324.95,3848.16,3798.09,5322.83,2971.2,3187.78,4517.1,26657.92
531,37330.48,3848.95,3799.96,5321.88,2973.04,3186.96,4517.33,26650.24
532,37301.61,3840.33,3797.85,5319.04,2968.97,3186.84,4518.74,26644.26
533,37328.94,3848.49,3800.47,5322.97,2970.88,3190.4,4514.47,26654.41
534,37338.51,3848.37,3800.52,5324.12,2971.43,3187.21,4518.14,26647.01
535,37316.34,3848.86,3800.16,5324.17,2969.39,3188,4516.66,26652.83
536,37325.1,3848.83,3800.91,5326.39,2969.55,3183.62,4517.95,26650.54
537,37302.53,3845.32,3796.85,5317.63,2972.15,3187.95,4519.97,26644.13
538,37327.31,3842.85,3801.96,5320.39,2972.38,3190.62,4517.95,26638.64
539,37311.57,3843.11,3799.34,5322.75,2969.57,3188.8,4517.17,26634.37
540,37293,3844.92,3794.4,5319.12,2968.6,3184.13,4514.27,26640.79
541,37332.56,3845.9,3800.15,5324.78,2970.72,3189.38,4517.74,26636.22
542,37315.29,3847.91,3797.43,5323.26,2969.24,3187.64,4517.5,26655.11
543,37316.08,3848.59,3800.16,5324.26,2969.03,3186.12,4514.22,26643.43
544,37303.25,3847.28,3796.01,5320.35,2968.63,3187.73,4510.21,26634.63
545,37311.22,3844.27,3800.92,5320.03,2970.01,3186.58,4511.46,26640.69
546,37315.32,3848.59,3799.1,5317.41,2971.89,3187.48,4517.13,26631.83
547,37301.64,3846.36,3800.26,5318.7,2968.11,3186.14,4515.57,26641.8
548,37309,3849.26,3799.59,5323.69,2969.3,3188.52,4514.84,26640.03
549,37312.35,3848.19,3801.2,5319.75,2970.73,3188.17,4514.48,26639.1
550,37293.81,3843.64,3798.97,5321.18,2967.04,3184.73,4516.66,26643.64
551,28450.84,2889.7,2872.46,4065.42,2275.16,2451.24,3483.18,20617.8
552,28445.43,2882.82,2873.85,4066.86,2274.89,2449.29,3476.79,20612.58
553,28463.25,2884.42,2875.82,4067.82,2276.52,2449.13,3480.7,20609.79
554,28454.55,2887.45,2873.98,4064.59,2274.47,2449.45,3479.61,20620.3
555,28465.37,2888.29,2875.66,4069.42,2275.44,2448.93,3483.53,20623.44
556,28463.09,2885.3,2875.41,4067.9,2277.3,2449.74,3480.21,20620.64
557,28450.98,2886,2874.14,4066.61,2275.98,2449.72,3482.43,20623.65
558,28457.44,2889.21,2875.9,4066.04,2277.52,2449.35,3481.09,20614.47
559,28442.2,2886.91,2871.93,4064.1,2275.09,2450.25,3479.19,20616.67
560,28463.7,2890.03,2873.75,4068.9,2275.96,2451.22,3483.47,20614.46
561,28460.51,2891.54,2876.44,4065.98,2277.18,2451.06,3482.56,20620.49
562,28455.27,2888.5,2873.65,4065.64,2275.99,2450.76,3480.89,20619.38
563,28462.47,2889.5,2874.25,4069.41,2275.76,2451.41,3480.66,20618.95
564,28459.26,2890.34,2877.14,4067.08,2278.6,2449.87,3484.87,20622.91
565,28465.81,2887.99,2875.15,4069.57,2276.74,2448.72,3484.51,20622.98
566,28456.5,2890.16,2873.03,4066.41,2278.58,2451.83,3481.06,20613.57
567,28467.09,2890.81,2874.14,4069.29,2277.48,2451.41,3482.01,20628.12
568,28465.32,2892.36,2877.78,4070.91,2276.99,2448.24,3480.45,20615.27
569,28452.58,2889.81,2875.82,4065.47,2276.84,2448.78,3478.34,20613.76
570,28459.32,2892.69,2873.38,4064.98,2277.19,2450.97,3479.89,20609.26
571,28441.51,2888.49,2873.77,4063.37,2274.52,2448.93,3478.24,20614.73
572,28452.9,2887.44,2874.87,4065.9,2273.95,2451.95,3479.65,20614.15
573,28460.8,2891.99,2874.47,4068.72,2276.78,2449.52,3479.89,20613.32
574,28449.21,2890.87,2874.4,4065.7,2275.57,2449.69,3480.04,20618.25
575,28461.2,2890.42,2876.33,4066.46,2275.89,2450.77,3482.72,20615.26
576,28452.16,2886.83,2873.63,4066.08,2276.36,2450.76,3479.93,20614.61
577,28435.85,2886.72,2871.35,4065.87,2272.21,2447.81,3479.67,20606.84
578,28450.58,2886.85,2873.47,4063.94,2274.83,2451.59,3482.03,20610.49
579,28444.49,2891.48,2873.63,4063.94,2274.7,2451.64,3481.26,20626.66
580,28447.47,2887.42,2875.81,4061.69,2276.71,2447.81,3480.13,20605.55
581,28448.71,2887.65,2874.85,4062.13,2275.19,2449.8,3480.43,20610.8
582,28451.44,2891.33,2872.22,4064.57,2276.05,2449.28,3480.35,20606.38
583,28455.23,2889.6,2873.87,4065.13,2277.09,2450.83,3479.09,20610.6
584,28433.16,2885.94,2871.44,4061.67,2273.59,2449.68,3481.08,20617.91
585,28450.8,2888.28,2875.21,4066.14,2275.02,2449.11,3480.91,20601.88
586,28449.11,2889.21,2874.15,4066.5,2274.03,2450.46,3482.59,20616.01
587,28451.02,2884.27,2874.79,4063.38,2278.02,2449.18,3480.45,20612.91
588,28447.59,2885.13,2873.56,4065.17,2275.77,2451.4,3477.32,20609.36
589,28435.92,2886.06,2875.73,4060.2,2275.75,2449.06,3481.69,20617.8
590,28451.75,2889.16,2873.66,4063.41,2275.48,2449.8,3481.07,20608.2
591,28433.9,2889.01,2871.57,4065.39,2275.87,2449.92,3478.65,20603.66
592,28446.32,2889.83,2874.13,4067.29,2276.78,2448.63,3480.2,20605.93
593,28433.51,2883.1,2874.14,4061.66,2274.53,2446.09,3479.55,20614.82
594,28450.44,2889.08,2876.01,4062.07,2275.21,2449.75,3480.03,20609.84
595,28440.14,2887.57,2873.32,4063.25,2275.57,2449.26,3478.77,20609.08
596,28437.75,2885.07,2871.45,4063.23,2273.74,2449.18,3475.98,20602.57
597,28452.85,2887.27,2873.71,4064.91,2275.51,2451.84,3478.83,20603.48
598,28439.24,2886.49,2870.57,4063.62,2274.5,2450.08,3477.79,20607.19
599,28449.25,2889.49,2875.93,4065.21,2274.24,2448.72,3478.58,20606.02
600,28441.32,2888.84,2872.74,4062.39,2276.18,2448.52,3477.43,20603.15
601,28442.7,2885.59,2874.69,4062.38,2273.71,2447.73,3478.21,20607.08
602,28432.17,2885.65,2873.97,4060.31,2274.84,2447.06,3479.06,20604.54
603,28448.48,2887.47,2873.24,4065.54,2275.26,2449.09,3477.01,20602.67
604,28438.82,2890.26,2874.2,4061.9,2273.21,2448.98,3478.18,20601.99
605,28446.51,2885.52,2873.29,4064.25,2274.97,2449.84,3475.98,20608.81
606,23861.55,2544.92,2474.72,3384.7,1874.9,2004.06,2819.09,16485.35
607,23835,2541.99,2472.06,3379.71,1873.83,2002.32,2816.58,16471.06
608,23849.61,2543.72,2475.35,3383.75,1873.61,2000.95,2818.49,16476.48
609,23838.2,2538.59,2472.66,3381.62,1873.88,2000.91,2816.5,16475.86
610,23825.26,2541.67,2470.32,3380.44,1873.69,2000.53,2816.02,16466.45
611,23832,2542.44,2471.28,3380.64,1872.4,2003.33,2814.07,16468.35
612,23835.57,2544.78,2472.34,3381.5,1874.84,2002.32,2816.8,16471.5
613,23847.01,2543.27,2474.62,3380.93,1874.81,2003.24,2817.54,16472.01
614,23808.24,2537.35,2467.76,3378.86,1871.69,1999.71,2813.58,16464.14
615,23837.97,2543.81,2472.32,3380.97,1873.54,2001.06,2816.21,16467.68
616,23835.19,2544.57,2469.73,3380.94,1874.8,2001.86,2815.97,16474.1
617,23807.99,2541.8,2471.05,3381.38,1873.02,2001.15,2817.5,16472.16
618,23845.57,2547.85,2473.42,3382.26,1873.58,2001.84,2817.68,16471.12
619,23830.04,2543.32,2471.04,3382.12,1872.3,2001.98,2816.98,16472.62
620,23849.49,2542.29,2470.8,3383.59,1874.72,2003.69,2817.1,16476.08
621,23831.52,2538.9,2472.61,3379.05,1872.78,2001.49,2816.06,16470.98
622,23826.79,2541.1,2471.17,3378.48,1873.73,2003.88,2815.29,16464.29
623,23838.54,2541.16,2473.39,3383.32,1873.83,2000.28,2816.63,16468.3
624,23822.8,2540.21,2472.27,3380.12,1872.77,2000.19,2816.19,16471.02
625,23837.98,2541.2,2471.94,3382.25,1873.98,2001.67,2816.94,16465.67
626,23820.27,2541.19,2470.91,3376.85,1872.13,2000.12,2813.87,16455.25
627,23803.31,2538.58,2467.21,3376.69,1871.87,1998.77,2816.34,16458.19
628,23835.02,2542.27,2469.82,3382.18,1872.64,2003.45,2817.21,16466.25
629,23815.4,2537.25,2468.94,3376.98,1872.45,2000.28,2813.77,16461.11
630,23823.37,2539.55,2469.46,3382.98,1872.46,2002.1,2811.8,16459.63
631,23822.19,2541.3,2471.55,3378.42,1871.95,2001.43,2814.39,16467.25
632,23834.86,2539.96,2472.53,3382.37,1872.17,2001.32,2816.1,16467.88
633,23822.69,2541,2468.09,3379.43,1872.61,2001.42,2815.67,16459.41
634,23818.07,2538.15,2469.91,3377.73,1872.68,2000.74,2815.29,16464.29
635,23838.94,2540.16,2472.58,3381.01,1874.7,2001.2,2813.82,16463.61
636,23822.34,2542.88,2470.04,3379.07,1871.62,2003.48,2814.21,16465.07
637,23829.51,2541.63,2470.1,3379.24,1874.18,2000.72,2815.8,16461.01
638,23803.98,2536.64,2470.35,3374.36,1872.12,1999.23,2814.32,16451.75
639,23826.49,2542.36,2471.11,3380.25,1873.09,2001.05,2814.02,16463.43
640,23810.41,2539,2468.75,3377.41,1871.5,1997.98,2812.32,16461.03
641,23820.11,2541.75,2469.73,3378.91,1873.04,2001.16,2814.17,16461.52
642,23815.2,2537.55,2469.63,3377.44,1871.54,2000.3,2813.71,16452.58
643,23803.22,2537.08,2466.74,3376.6,1871.34,1998.81,2812.85,16454.57
644,23819.16,2541.26,2470.43,3379.28,1872.9,2000.83,2815.44,16451.33
645,23820.21,2540.4,2469.85,3379.83,1874.32,1998.99,2815.63,16463.08
646,23813.52,2539.39,2471.57,3376.23,1872.47,2000.66,2813.24,16456.73
647,23803.28,2537.24,2467.96,3378.93,1871.73,1999.21,2812.2,16451.76
648,23836.74,2542.28,2473.09,3381.26,1873.25,2001.94,2816.56,16457.45
649,23816.54,2544.23,2467.78,3378.84,1872.61,2001.23,2813.84,16457.87
650,23819.2,2539.63,2471.03,3380.09,1872.61,2000.58,2813.99,16457.37
651,23815.01,2541.88,2470.65,3377.68,1871.93,2000.57,2813.53,16457.66
652,23796.55,2537.34,2469.8,3374.98,1872.26,1997.81,2814.64,16457.57
653,23820.77,2543.61,2470.26,3378.81,1872.77,1999.9,2812.89,16454.02
654,23824.53,2540.81,2470.4,3377.14,1873.94,2000.8,2814.3,16464.56
655,23820.29,2539.12,2471.44,3377.03,1872.56,1999.97,2811.88,16453.61
656,23810.3,2540.31,2468.97,3376.69,1872.47,1999.2,2813.15,16443.89
657,23800.96,2537.26,2469.02,3374.1,1871.42,2000.06,2814.19,16454.33
658,23821.51,2542.46,2472.43,3378.73,1871.79,2001.76,2815.76,16457.41
659,23810.98,2541.49,2469.42,3376.92,1871.86,2000.53,2813.99,16458.9
660,23845.67,2544.48,2470.39,3379.88,1872.1,2000.9,2814.37,16458.72
661,20514.68,2185.89,2128.59,2909.09,1612.26,1724.62,2424.19,14188.55
662,20494.05,2188.71,2126.32,2907.93,1610.85,1724.51,2423.88,14191.4
663,20510.73,2189.3,2127.65,2907.81,1612.4,1723.62,2424.14,14177.4
664,20500.41,2187.84,2125.03,2907.1,1610.49,1722.43,2423.86,14188.79
665,20512.97,2186.42,2124.73,2907.12,1612.08,1723.95,2423.96,14185.69
666,20500.02,2186.42,2126.84,2905.45,1612.44,1722.9,2422,14182.21
667,20519.58,2192.4,2128.49,2909.42,1613.34,1723.83,2424.34,14193.62
668,20510.25,2189.76,2126.49,2908.39,1612.18,1722.44,2424.21,14176.76
669,20494.63,2186.91,2127.33,2905.48,1613.03,1722.07,2423.97,14180.01
670,20503.37,2185.82,2125.81,2907.82,1612.15,1723.09,2423.31,14177.11
671,20495.49,2185.48,2122.74,2906.54,1611.29,1723.34,2424.23,14176.62
672,20501.52,2185.46,2126.1,2907.02,1611.56,1723.67,2423.28,14184.6
673,20517.94,2189.23,2126.09,2908.09,1611.79,1723.7,2424.85,14181.78
674,20492.39,2187.95,2126.04,2905.11,1611.5,1721.56,2423.16,14183.85
675,20499.94,2184.95,2126.84,2907.95,1611,1720.85,2422.97,14177.4
676,20494.48,2187.28,2123.85,2908.44,1612,1721.94,2421.99,14175.15
677,20493.92,2185.89,2124.84,2905.07,1611.52,1721.84,2422.31,14177.38
678,20500.17,2191.3,2126.1,2905.53,1612.83,1721.78,2421.56,14179.33
679,20490.78,2186.13,2124.71,2902.78,1610.16,1723.89,2423.3,14182.03
680,20489.99,2186.03,2122.18,2905.77,1610.68,1722.3,2422.39,14176.53
681,20496.63,2187.52,2128.05,2905.51,1609.53,1721.36,2422.4,14176.37
682,20495.08,2186.89,2125.75,2905.32,1610.88,1722.05,2421.7,14174.1
683,20510.01,2187.57,2127.49,2909.23,1612.31,1723.92,2422,14180.74
684,20475.7,2185.48,2124.3,2904.58,1611,1720.02,2420.43,14171.28
685,20479.36,2187.04,2123.91,2903.64,1610.58,1720.99,2422.54,14166.66
686,20493.97,2184.03,2125.82,2904.84,1609.87,1723.55,2425.45,14177.01
687,20506.83,2187.21,2128.02,2907.68,1612.49,1723.31,2422.16,14185.03
688,20489.9,2185.06,2124.27,2905.59,1610.11,1724.11,2420.66,14170.8
689,20480.69,2183.68,2124.03,2904.22,1609.78,1721.19,2421.54,14173.78
690,20492.39,2185.03,2125.56,2904.92,1611.41,1722,2421.49,14174.71
691,20486.74,2183.92,2123.69,2905.63,1610.85,1721.51,2423.01,14170.35
692,20493.09,2185.76,2123.99,2905.64,1611.4,1722.77,2424.43,14177.84
693,20497.01,2186.2,2125.6,2905.5,1611.52,1722.29,2422.71,14172.4
694,20477.82,2185.99,2124.44,2902.62,1610.63,1721.35,2424.05,14175
695,20497.02,2188.19,2125.74,2907.67,1610.9,1721.89,2421.14,14170.48
696,20489.79,2186.12,2123.86,2904.24,1610.84,1722.08,2423.35,14176.38
697,20494.18,2190.96,2127.06,2905.54,1611.35,1722.4,2420.38,14178.26
698,20494.58,2188.98,2125.24,2906.43,1610.6,1722.95,2422.15,14173.38
699,20482.57,2186.84,2122.99,2905.95,1611.37,1721.36,2420.56,14175.72
700,20487.94,2187.05,2125.05,2902.62,1609.22,1721.25,2420.27,14170.25
701,20483.31,2186.71,2124.79,2905.72,1610.3,1721.56,2421.18,14174.38
702,20488.87,2187.19,2124.35,2902.77,1611.52,1721.34,2421.49,14174.06
703,20502.89,2188.62,2125.95,2907.77,1612.36,1724.68,2422.73,14174.74
704,20480.49,2186.54,2124.5,2904.68,1610.37,1721.3,2420.08,14174.01
705,20492.88,2184.73,2125,2904.68,1610.79,1721.99,2421.19,14169.48
706,20483.03,2185.97,2123.18,2904.53,1611.71,1720.98,2420.83,14172.05
707,20487.52,2184.93,2126.16,2905.36,1609.73,1722.16,2421.5,14170.24
708,20497.69,2186.23,2125.71,2907.44,1610.67,1720.9,2422.41,14175.1
709,20474.52,2182.74,2123.15,2902.48,1611.23,1721.38,2422.56,14173.36
710,20500.84,2188.34,2126.03,2905.48,1610.97,1722.71,2424.02,14171.77
711,20489.34,2186.03,2124.29,2903.08,1610.46,1721.6,2423.37,14174.65
712,20480.43,2187.25,2122.18,2903.04,1610.02,1720.63,2422.76,14168.84
713,20487.34,2187.98,2124.59,2905.15,1610.07,1721.28,2420.13,14163.32
714,20480.22,2186.25,2121.9,2904.43,1610.88,1721.17,2421.58,14170.96
715,20495.44,2187.51,2124.03,2906.2,1611.25,1723.08,2421.57,14165.32
716,16750.39,1784.56,1736.01,2373.47,1316.88,1409.63,1984.63,11623.37
717,16730.94,1781.19,1733.42,2371.04,1316.54,1410.33,1982.97,11618.37
718,16754.76,1786.9,1735.53,2376.22,1317.94,1410.91,1985.92,11625.2
719,16741.61,1783.71,1735.06,2373.71,1317.15,1409.5,1984.77,11626.03
720,16740.29,1783.31,1733.13,2373.55,1317.03,1408.38,1984.61,11620.09
721,16762.23,1786.31,1737.29,2374.05,1318.42,1410.57,1985.23,11626.21
722,16750.27,1784.79,1736.69,2374.06,1317.43,1410.58,1983.86,11626.26
723,16756.67,1786.75,1736.45,2374.86,1319.27,1411.16,1986.74,11623.51
724,16739.34,1785.37,1734.54,2372.57,1316.97,1410.51,1984.16,11624.38
725,16757.12,1786.42,1735.58,2375.49,1318.35,1410.7,1985.5,11628.57
726,16753.85,1787.43,1735.19,2376.36,1317.67,1409.87,1986.21,11627.09
727,16741.83,1782.72,1733.6,2373.97,1316.62,1409.31,1983.25,11621.11
728,16755.92,1787.9,1733.74,2375.91,1318.02,1411.18,1985.97,11624.24
729,16738.65,1784.55,1734.67,2374.32,1317.57,1410.33,1985.71,11623.73
730,16760.5,1786.09,1735.44,2375.21,1318.69,1410.52,1984.12,11628.06
731,16751.85,1786.26,1734.47,2375.34,1317.56,1410.82,1984.36,11622
732,16735.38,1783.64,1733.33,2374.43,1316.58,1409.02,1984.7,11625.15
733,16741.46,1783.28,1735.01,2373.51,1316.18,1410.97,1984.91,11620.32
734,16751.49,1783.5,1737.19,2374.19,1317.01,1409.95,1986.7,11627.5
735,16751.15,1785.19,1734.4,2376.4,1316.19,1410.44,1986.24,11622.52
736,16754.14,1784.04,1735.91,2375.92,1317.69,1409.07,1984.71,11623.81
737,16737.89,1784.23,1734.95,2372.06,1316.31,1408.22,1983.57,11623.43
738,16749.11,1785.31,1736.34,2375.38,1315.93,1408.51,1982.78,11618.69
739,16748.87,1784.54,1735.47,2373.48,1318.4,1409.92,1985.34,11630.33
740,16748.97,1784.59,1735.26,2374.22,1318.5,1408.56,1985.27,11625.15
741,16757.76,1785.8,1735.98,2375.17,1318.88,1409.94,1986.44,11627.28
742,16742.75,1784.59,1736.23,2373.18,1317.21,1410.55,1985.03,11623.86
743,16749.12,1784.66,1734.28,2374.02,1318.08,1409.22,1983.89,11620.35
744,16748.73,1786.33,1733.85,2376.33,1317.28,1409.96,1983.92,11624.18
745,16752.63,1785.66,1735.07,2375.56,1318.66,1409.36,1985.36,11621.01
746,16752.56,1785.24,1736.06,2374.29,1317.88,1410.46,1983.85,11626.48
747,16746.74,1785.79,1733.88,2376.56,1318.51,1408.59,1984.72,11628.37
748,16753.3,1784.26,1733.87,2375.13,1318.12,1409.77,1985.43,11621.97
749,16740.48,1783.38,1733.06,2373.72,1317.53,1409.9,1984,11618.18
750,16742.85,1784.37,1735.61,2374.03,1316.76,1409.2,1984.81,11619.52
751,16743.93,1785.17,1735.04,2375.35,1317.21,1410.11,1984.24,11621.06
752,16744.35,1784.33,1733.27,2374.11,1316.64,1410.5,1983.24,11622.15
753,16755.36,1785.48,1736.95,2376.02,1319.08,1410.93,1985.52,11622.84
754,16742.65,1783.7,1734.06,2373.45,1316.4,1409.73,1982.9,11628.94
755,16752.42,1786.79,1736.28,2374.49,1317.3,1410.97,1983.9,11623.88
756,16757.72,1784.77,1736.29,2377.6,1318.25,1411.41,1984.95,11626.69
757,16744.36,1783.89,1735.12,2373.29,1316.97,1409.33,1984.32,11621.28
758,16752.95,1786.61,1736.1,2375.18,1317.89,1409.48,1985.1,11621.68
759,16751.82,1787.39,1735.35,2375.01,1317.33,1410.74,1985.51,11628.29
760,16736.12,1782.74,1733.69,2374.3,1316.86,1408.94,1984.36,11619.39
761,16756.49,1784.95,1735.82,2375.48,1318.73,1410.13,1983.8,11620.09
762,16746.8,1784.03,1736.34,2373.85,1317.59,1409.39,1984.66,11620.15
763,16742.49,1785.13,1736.18,2374.53,1317.05,1409.24,1985.24,11615.26
764,16746.13,1785.98,1733.22,2372.61,1316.89,1409.58,1984.46,11622.78
765,16749.27,1784.32,1735.41,2374.52,1318.13,1409.84,1984.91,11625.87
766,16752.82,1786.95,1736.93,2375.38,1317.8,1410.14,1984.17,11617.08
767,16740.38,1784.07,1734.06,2373.86,1316.4,1409.87,1983.96,11622.76
768,16743.03,1783.38,1734.25,2372.97,1317.5,1409.48,1983.19,11617.65
769,16747.21,1785.64,1733.82,2374.3,1316.82,1409.91,1985.01,11622.21
770,16742.95,1785.79,1734.56,2372.87,1317.39,1409.98,1985.53,11623.1
771,11645.86,1232.19,1201.64,1652.22,918.71,985.98,1389.43,8148.66
772,11646.51,1232.97,1202.51,1651.03,917.7,985.68,1389.44,8156.14
773,11645.34,1234.04,1201.95,1651.23,918.17,985.64,1389.03,8153.63
774,11641.91,1233.44,1201.53,1649.87,918.14,984.86,1389.37,8150.85
775,11641.96,1233.75,1202.44,1650.07,918.29,985.23,1389.6,8157.36
776,11651.01,1233.16,1203,1652.35,919.59,984.8,1389.85,8154.75
777,11644.21,1234.46,1202.01,1650.82,918.69,983.91,1389.72,8155.62
778,11646.68,1236.03,1201.83,1651.2,919.13,985.35,1389.74,8155.62
779,11650.46,1234.34,1202.94,1651.87,918.51,985.73,1390.03,8155.04
780,11639,1232.27,1201.62,1649.74,918.81,984.76,1389.68,8160.13
781,11661.36,1237.21,1205.41,1653.14,920.14,986.45,1391.75,8162.49
782,11652.21,1235.33,1203.41,1652.45,918,985.91,1390.67,8159.74
783,11650.95,1232.99,1202.32,1652.82,918.84,986,1390.2,8159.82
784,11647.78,1232.73,1202.86,1651.07,918.36,986.07,1391.05,8155.48
785,11644.83,1232.4,1202.74,1651.01,918.67,984.6,1388.98,8156.27
786,11657.11,1234.83,1203.79,1653.61,918.82,986.14,1391.24,8158.69
787,11643.89,1234.39,1202.33,1650.26,918.22,985.21,1389.71,8155.3
788,11655.17,1234.29,1203.48,1652.51,918.53,985.77,1390.6,8159.08
789,11652.16,1235.34,1202.69,1652.84,918.69,985.79,1391,8156.6
790,11646.28,1232.28,1202.61,1650.02,918.05,986.15,1390.73,8160.99
791,11659.22,1236.1,1203.58,1654.46,918.93,987.26,1391.16,8159.53
792,11646.39,1233.49,1202.29,1651.17,918.45,985.33,1391.03,8159.19
793,11654.84,1234.69,1203.63,1653.06,918.64,986.27,1389.78,8159.17
794,11655.87,1235.32,1203.32,1652.08,919.7,986.46,1390.08,8158.11
795,11648.92,1231.55,1204.15,1651.45,918.49,985.57,1390.46,8164.27
796,11662.85,1236.01,1202.8,1653.31,920.09,986.85,1391.5,8161.89
797,11653.04,1235.18,1203.05,1652.81,918.22,985.95,1390.8,8159.07
798,11656.99,1234.26,1203.6,1652,919.4,986.9,1390.82,8160.84
799,11656.06,1234.67,1203.57,1652.22,919.5,986.47,1391.1,8160.75
800,11645.95,1232.8,1202.62,1651.72,919.19,984.87,1390.26,8161.01
801,11662.23,1233.93,1205.31,1654.23,919.07,986.53,1391.51,8161.88
802,11652.24,1234.56,1201.79,1652.23,918.51,985.87,1390.17,8159.19
803,11654.64,1233.62,1203.18,1652.87,919.07,986.25,1390.99,8160.89
804,11659.99,1235.75,1205.08,1652.94,919.33,985.78,1391.81,8161.47
805,11651.07,1233.12,1203.36,1651.48,918.34,986.19,1391.16,8160.19
806,11659.14,1234.65,1204.09,1652.89,919.58,986.92,1391.51,8158.61
807,11661.17,1236.53,1203.77,1653.05,919.75,987.09,1390.49,8163.26
808,11659.55,1236.38,1203.56,1653.11,919.67,986.73,1391.49,8162.54
809,11660.56,1236.45,1203.72,1653.28,920.23,986.64,1391.36,8164.09
810,11659.76,1235.03,1203.16,1652.93,919.81,985.73,1391.7,8165.21
811,11659.3,1234.65,1203.77,1652.81,920.01,986.16,1391.58,8159.25
812,11654.6,1235.07,1204.76,1651.26,918.47,986.35,1391.55,8163.26
813,11660.12,1235.52,1203.28,1652.9,920.13,985.94,1391.25,8162.69
814,11660.16,1234.78,1203.98,1652.81,919.88,985.78,1391.37,8160.04
815,11663.48,1235.18,1203.07,1652.85,919.63,986.26,1391.72,8165.71
816,11666.13,1236.4,1204.28,1655.43,920.26,986.85,1391.14,8163.48
817,11654,1234.76,1202.91,1651.7,919.09,986.11,1389.38,8161.93
818,11662.6,1236.35,1204,1652.83,919.64,986.7,1392.19,8165.32
819,11657.57,1235.85,1203.13,1653.28,919.76,986.38,1391.78,8159.35
820,11659.13,1236.57,1204.25,1653.18,919.39,986.05,1390.76,8163.64
821,11662.69,1234.25,1204.31,1653.37,919.82,986.64,1391.01,8161.84
822,11659.01,1233.79,1205.15,1653.11,919.47,986.84,1390.96,8163.7
823,11657.65,1235.38,1203.65,1652.83,918.95,985.73,1391.18,8158.66
824,11665.9,1236.49,1205.21,1654.06,919.67,987.13,1390.7,8163.49
825,11658.02,1234.06,1203.55,1652.67,920.18,985.96,1391.82,8165.8
826,7953.13,836.87,817.79,1127.82,629.16,677.46,957.28,5628.59
827,7951.68,836.59,818.27,1127.59,629.34,676.68,957.93,5630.85
828,7956.87,838.21,818.41,1127.86,629.12,677.49,958.76,5634.9
829,7965,838.02,819.08,1129.76,629.11,677.81,958.51,5633.03
830,7956.49,836.51,818.39,1127.69,628.96,677.05,958.46,5634.56
831,7956.64,836.56,819.22,1129.35,629.72,677.65,957.79,5632.48
832,7957.33,837.96,817.78,1128.05,629.62,677.13,957.7,5633.41
833,7960.62,837.55,819.56,1128.4,629.24,677.99,957.98,5635.85
834,7960.44,837.49,818.71,1129.07,629.42,677.34,957.4,5631.17
835,7959.83,837.11,818.58,1128.38,629.68,677.61,957.85,5636.03
836,7960.59,838.04,818.35,1128.41,629.51,677.09,958.75,5636.13
837,7960.59,837.05,818.99,1128.31,629.72,677.18,958.27,5633.88
838,7958.11,837.17,818.57,1128.31,629.04,677.18,957.87,5635.03
839,7969.86,838,819,1130.14,629.98,678.22,958.77,5637
840,7958.4,837.34,817.61,1128.05,629.78,677.9,958.2,5638.48
841,7961.47,837.61,818.24,1128.87,629.69,677.47,958.49,5634.29
842,7963.53,837.88,819.66,1129.44,629.46,677.49,959.08,5635.46
843,7956.24,836.45,818.26,1128.27,628.95,677.23,957.68,5634.48
844,7962.76,838.04,818.6,1128.9,629.63,677.43,958.67,5635.06
845,7959.17,837.07,818.29,1129.61,629.64,677.3,958.22,5634.65
846,7964.56,837.35,820.01,1129.57,629.3,677.91,958.25,5636.76
847,7963.94,837.38,819.17,1128.89,629.68,677.63,958.26,5633.16
848,7961.29,838,818.91,1128.64,629.76,677.62,958.66,5636.32
849,7966.48,837.88,819.03,1129.58,630.2,677.88,959.07,5635.66
850,7963.36,837.4,819.07,1129.11,629.62,678,958.76,5638.49
851,7962.37,837.09,818.1,1128.77,630.02,677.39,958.42,5635.6
852,7971.17,838.05,819.75,1130.2,629.31,677.96,958.94,5636.43
853,7957.45,836.78,818.44,1128.82,628.87,677.12,959,5638.16
854,7968.99,838.27,819.51,1130.35,630.59,677.6,958.7,5637.33
855,7964.87,837.97,818.92,1129.52,629.26,677.92,958.53,5635.83
856,7967.76,837.9,819.12,1129.99,629.45,678.25,958.67,5637.25
857,7963.21,837.71,819.14,1128.9,629.85,676.88,958.39,5636.35
858,7960.41,837.59,818.39,1129.53,629.32,677.26,958.71,5637.84
859,7966.39,837.5,819.64,1129.4,630.28,677.73,958.83,5636.54
860,7967.3,838.22,819.32,1129.96,629.96,677.9,959.49,5641.07
861,7973.28,838.34,819.89,1130.57,631.09,678.41,959.93,5641.52
862,7968.05,837.54,820.75,1129.63,630.25,678.4,959.36,5638.2
863,7969.28,837.89,819.35,1130.1,629.87,678.22,959.07,5640.16
864,7969.48,838.69,820.28,1129.81,630.27,677.75,959.02,5640.3
865,7965.19,837.4,819.47,1129.64,629.67,677.66,958.67,5638.79
866,7968.71,838.34,819.59,1129.67,629.41,677.93,958.96,5637.6
867,7967.36,837.98,819.29,1129.58,630.01,678.05,958.91,5637.14
868,7967.02,837.96,819.14,1130.2,630.06,678.04,958.33,5639.81
869,7970.87,838.1,819.31,1129.8,630.97,678.65,959.43,5639.6
870,7967.21,836.83,819.27,1129.3,629.81,678.38,959.12,5639.91
871,7964.81,838.37,819.12,1129.68,629.73,677.66,957.97,5639.86
872,7968.57,838.18,819.47,1130.61,630.04,678.26,958.39,5636.52
873,7962.65,836.53,819.22,1128.55,630.14,677.48,958.41,5640.15
874,7975.83,840.46,820.63,1130.86,630.16,678.88,959.5,5641.13
875,7966.06,837.89,818.86,1129.3,629.58,678.08,959.05,5640.1
876,7965.58,837.49,819.77,1129.37,630.02,677.68,958.47,5636.01
877,7969.35,838.63,819.37,1130.43,630.34,677.88,959.57,5640.11
878,7967.77,837.88,819.44,1129.53,630.14,678.45,959.29,5641.41
879,7973.43,839.15,820.71,1130.09,630.04,678.38,959.54,5638.99
880,7969.71,838.1,819.35,1129.58,630.16,678.96,959.98,5639.25
881,4030.9,420.04,411.66,571.62,320.29,345.93,492.53,2904.22
882,4033.87,420.25,412.25,572.4,320.57,346.45,492.67,2904.03
883,4033.28,419.61,412.05,572.13,320.3,346.4,492.94,2904.4
884,4031.43,419.8,412.32,571.69,320.13,346.18,492.31,2903.3
885,4034.11,419.41,412.5,572.32,320.09,346.52,492.7,2904.08
886,4031.78,419.71,412.06,571.57,320.01,346.76,492.45,2904.68
887,4036.65,420.39,412.22,572.34,320.37,346.57,492.99,2905.14
888,4033.39,420.45,412.29,572.28,320.03,346.44,492.58,2904.16
889,4032.3,419.87,412.19,571.93,320.4,346.51,492.37,2903.23
890,4036.99,419.86,412.63,572.34,320.6,346.7,492.51,2904.24
891,4032.29,419.98,411.57,571.66,320.25,346.27,492.51,2904.06
892,4033.96,419.78,412.22,572.39,320.04,346.65,492.55,2901.49
893,4032.39,420.01,412.15,571.8,320.27,346.28,492.59,2903.54
894,4032.97,419.71,412.25,572.18,320.11,346.81,492.21,2903
895,4033.74,420.66,412.66,571.86,320.39,346.4,492.62,2903.55
896,4030.77,419.99,411.49,571.68,320.1,346.66,492.55,2904.02
897,4030.82,419.32,411.85,571.71,320.25,346.48,492.47,2902.45
898,4034.11,419.81,412.5,572.25,320.23,346.89,492.32,2902.9
899,4033.89,420.03,412.31,572.5,320.2,346.67,492.73,2903.39
900,4033.25,420.08,411.79,572.19,320.32,346.63,492.01,2902.04
901,4032.77,420.02,412.17,571.99,320.48,346.79,492.28,2904.21
902,4031.37,419.66,411.51,571.75,320.21,346.51,492.45,2903.23
903,4031.66,420,412.04,571.51,320.33,346.53,492.63,2902.38
904,4029.03,419.81,412.01,571.6,320.13,346.4,492.33,2902.68
905,4033.45,419.52,412.33,571.75,320.31,346.5,492.5,2903.45
906,4031.33,419.82,412.26,572.14,320.22,346.07,492.09,2902.35
907,4033.38,419.58,412.46,571.97,320.59,346.45,492.43,2904.68
908,4031.94,419.8,412.14,572.16,320.23,346.41,492.17,2901.4
909,4030.67,419.12,411.76,571.61,320.08,346.19,492.18,2902.71
910,4033.57,419.87,412.31,572.45,320.55,346.46,492.62,2902.3
911,4031.21,419.82,412.12,571.33,320.1,346.27,492.26,2903.13
912,4032.2,419.46,412.31,571.97,320,346.15,492.5,2902.92
913,4029.23,418.99,411.81,571.18,320.04,346.35,492.06,2901.39
914,4030.35,419.71,412.21,572.14,319.88,346.02,492.32,2902.84
915,4034.62,420.01,412.26,572.04,320.37,346.5,492.14,2902.6
916,4031.56,419.59,412.01,571.69,319.98,346.42,492.26,2902.82
917,4030.4,419.98,412.03,571.51,320.13,345.84,491.86,2903.12
918,4032.66,419.48,411.92,571.78,320.34,346.18,492.25,2901.7
919,4030.65,420.05,412.1,571.33,320.08,346.23,492.1,2902.8
920,4033.96,420.05,412.12,571.96,320.38,346.64,492.38,2903.3
921,4034.44,420.05,412.93,571.87,320.41,346.43,492.05,2903.17
922,4030,419,411.87,571.55,320.16,345.96,492.44,2903.72
923,4032.43,419.78,412.38,572.44,319.88,346.37,492.38,2901.36
924,4031.52,419.85,412.14,571.86,320.07,346.2,492.58,2903.64
925,4033.75,420.41,412.26,571.84,320.3,346.42,492.8,2904.93
926,4031.27,419.95,412.36,571.69,320.01,346.29,492.39,2901.9
927,4029.57,419.51,411.63,571.15,320.05,346.38,492.25,2902.2
928,4034.3,420.11,412.07,572.15,320.71,346.6,492.26,2902.53
929,4030.62,419.42,412,571.31,320.35,346.33,491.75,2901.75
930,4031.93,419.47,411.62,571.94,320.24,346.67,492.01,2901.77
931,4036.54,419.8,412.16,571.85,320.32,346.83,492.38,2901.97
932,4030.35,419.93,411.92,571.42,320.27,346.36,492.14,2901.26
933,4032.33,420.11,412.15,571.77,320.14,346.67,492.37,2901.85
934,4032.4,419.92,412.31,571.54,320.46,346.51,492.14,2903.23
935,4033.63,420.31,412.18,571.94,320.45,346.52,492.8,2903.36
936,1780.51,183.67,180.99,252.51,141.99,154.46,220.42,1303.9
937,1779.02,183.5,180.98,252.08,141.87,154.21,220.29,1303.56
938,1778.5,183.66,180.79,252.04,141.66,154.3,220.13,1303.95
939,1778.73,183.82,180.85,251.92,141.85,154.27,220.19,1303.49
940,1777.99,183.9,180.69,251.87,141.78,154.23,220.13,1303.49
941,1778.05,183.5,180.79,252.02,141.71,154.3,220.1,1302.72
942,1778.32,183.82,180.89,251.92,141.63,154.25,220.29,1303.02
943,1777.14,183.54,180.74,251.81,141.68,154.12,219.93,1302.86
944,1777.5,183.43,180.66,251.96,141.7,154.15,220.18,1303.01
945,1776.97,183.69,180.63,251.67,141.65,154.16,220.03,1302.3
946,1777.23,183.54,180.75,251.77,141.64,153.99,220.06,1302.73
947,1778.4,183.77,180.75,251.87,141.77,154.43,220.12,1302.47
948,1777.36,183.74,180.63,251.97,141.58,154.13,219.96,1303.24
949,1777.06,183.5,180.69,251.8,141.73,154.09,220.05,1302.74
950,1778.11,183.52,180.83,251.85,141.59,154.19,220.11,1302.77
951,1776.42,183.54,180.43,251.71,141.7,154.04,220.08,1303.03
952,1777.73,183.54,180.75,251.87,141.7,154.26,220.13,1302.12
953,1777.91,183.68,180.7,252.04,141.72,154.18,219.93,1302.57
954,1777.2,183.32,180.74,251.77,141.76,154.25,220.02,1302.68
955,1777.31,183.5,180.7,251.78,141.52,154.13,219.99,1301.86
956,1777.32,183.52,180.59,251.7,141.7,154.25,220.01,1302.37
957,1777.81,183.58,180.88,251.86,141.58,154.23,220.17,1302.78
958,1777.26,183.52,180.71,251.75,141.56,154.06,220.11,1302.18
959,1776.78,183.7,180.56,251.73,141.61,154.25,219.94,1302.14
960,1777.56,183.55,180.65,251.85,141.75,154.24,220.09,1302.61
961,1777.83,183.71,180.87,251.76,141.75,154.3,220.19,1302.59
962,1776.3,183.52,180.6,251.58,141.52,154.12,220.04,1302.1
963,1778.25,183.57,180.91,251.93,141.67,154.22,220.12,1302.64
964,1776.25,183.64,180.78,251.8,141.62,154.37,220.19,1302.61
965,1775.98,183.48,180.56,251.4,141.59,154.07,219.83,1301.53
966,1777.48,183.66,180.8,251.91,141.59,154.05,219.98,1302.41
967,1776.96,183.57,180.76,251.87,141.54,154.19,220.09,1302.23
968,1777.28,183.51,180.73,252.03,141.54,154.08,220.01,1302.59
969,1776.82,183.63,180.54,251.69,141.73,154.05,219.93,1302.08
970,1777.48,183.69,180.85,251.83,141.67,154.19,220.12,1303.15
971,1778.12,183.28,180.85,252,141.68,154.35,220.17,1302.16
972,1776.91,183.79,180.92,251.73,141.51,154.18,219.95,1302.27
973,1777.38,183.48,180.69,251.92,141.69,154.13,220.08,1302.64
974,1777.68,183.53,180.91,251.88,141.65,154.21,220.09,1302.03
975,1777.88,183.79,180.74,251.88,141.73,154.13,220.19,1302.9
976,1777.74,183.63,180.63,251.78,141.75,154.25,220.17,1302.81
977,1778.48,183.79,180.85,252.07,141.73,154.25,220.14,1302.48
978,1778.04,183.87,180.87,252.03,141.83,154.28,220.02,1303.26
979,1778.23,183.53,180.78,251.92,141.71,154.34,220.25,1302.74
980,1778.18,183.73,180.97,251.9,141.66,154.26,220.05,1302.78
981,1777.96,183.41,180.61,251.92,141.71,154.2,220.15,1303.17
982,1777.47,183.66,180.78,251.85,141.73,154.16,220.04,1302.77
983,1777.76,183.92,180.92,251.73,141.67,154.06,220.06,1302.8
984,1777.45,183.64,180.6,251.79,141.65,154.14,220.07,1302.58
985,1778.15,183.54,180.7,251.96,141.65,154.33,220.13,1303.31
986,1777.01,183.56,180.54,251.86,141.52,154.16,219.97,1302.67
987,1778.26,183.64,180.89,252.03,141.71,154.32,220.12,1303.09
988,1778.45,183.72,180.85,252,141.68,154.44,220.21,1302.61
989,1777.42,183.44,180.72,251.92,141.57,154.11,220.02,1303.08
990,1777.86,183.63,180.6,251.83,141.78,154.35,220.11,1302.12
991,602.95,61.58,60.78,85.35,48.32,53.07,76.2,453.73
992,602.74,61.52,60.75,85.37,48.27,53,76.24,453.8
993,602.67,61.42,60.83,85.29,48.28,53.06,76.21,453.49
994,602.44,61.47,60.74,85.33,48.3,53.03,76.16,453.45
995,602.28,61.39,60.76,85.23,48.26,52.98,76.18,453.45
996,602.52,61.51,60.73,85.26,48.28,53.03,76.2,453.3
997,602.61,61.49,60.75,85.32,48.29,53.03,76.19,453.53
998,602.52,61.54,60.77,85.29,48.22,53.03,76.21,453.64
999,602.66,61.49,60.82,85.25,48.24,52.99,76.17,453.29
1000,602.48,61.47,60.77,85.25,48.28,52.99,76.2,453.43
1001,602.43,61.46,60.79,85.24,48.25,53.01,76.18,453.45
1002,602.37,61.45,60.76,85.23,48.27,52.99,76.16,453.36
1003,602.47,61.45,60.73,85.24,48.27,53,76.2,453.53
1004,602.59,61.46,60.7,85.3,48.32,53,76.17,453.47
1005,602.64,61.46,60.72,85.26,48.28,53.05,76.18,453.37
1006,602.3,61.38,60.72,85.27,48.29,53.01,76.17,453.39
1007,602.36,61.5,60.73,85.23,48.25,53.02,76.22,453.21
1008,602.32,61.4,60.75,85.29,48.32,52.98,76.21,453.12
1009,602.43,61.47,60.73,85.33,48.28,53.01,76.18,453.45
1010,602.68,61.52,60.78,85.3,48.34,53.03,76.19,453.35
1011,602.5,61.47,60.76,85.2,48.28,53.01,76.2,453.47
1012,602.3,61.53,60.7,85.23,48.28,53,76.14,453.35
1013,602.72,61.42,60.74,85.31,48.28,52.98,76.22,453.34
1014,602.51,61.56,60.78,85.21,48.32,52.96,76.21,453.35
1015,602.41,61.44,60.72,85.25,48.29,52.96,76.17,453.49
1016,602.39,61.42,60.74,85.33,48.26,52.99,76.16,453.16
1017,602.39,61.52,60.7,85.21,48.22,53.01,76.11,453.41
1018,602.32,61.48,60.73,85.24,48.26,53.02,76.17,453.39
1019,602.83,61.57,60.74,85.36,48.34,53.05,76.21,453.51
1020,602.54,61.51,60.76,85.24,48.3,53.02,76.2,453.46
1021,602.43,61.45,60.75,85.22,48.29,53,76.15,453.15
1022,602.11,61.44,60.77,85.17,48.22,52.98,76.15,453.17
1023,602.04,61.42,60.67,85.24,48.25,52.95,76.11,453.47
1024,602.34,61.39,60.73,85.24,48.3,53.03,76.18,453.25
1025,602.47,61.39,60.75,85.3,48.28,53.06,76.13,453.3
1026,602.19,61.46,60.71,85.19,48.24,52.95,76.09,453.29
1027,602.51,61.43,60.82,85.29,48.27,53,76.17,453.31
1028,602.48,61.54,60.76,85.32,48.24,52.97,76.23,453.44
1029,602.33,61.51,60.74,85.23,48.28,53.01,76.22,453.58
1030,602.34,61.46,60.72,85.21,48.24,53.02,76.15,453.17
1031,602.47,61.49,60.8,85.27,48.28,53.04,76.22,453.67
1032,602.65,61.45,60.77,85.26,48.27,52.99,76.2,453.54
1033,602.14,61.43,60.68,85.15,48.27,53.01,76.15,453.35
1034,602.74,61.51,60.8,85.27,48.31,53.02,76.2,453.51
1035,602.77,61.47,60.8,85.31,48.29,53.04,76.23,453.53
1036,602.28,61.46,60.74,85.23,48.25,53.01,76.16,453.44
1037,602.4,61.47,60.74,85.28,48.3,53.02,76.18,453.48
1038,602.79,61.56,60.81,85.27,48.26,53.05,76.21,453.41
1039,602.52,61.5,60.74,85.26,48.28,53,76.21,453.37
1040,602.54,61.58,60.82,85.25,48.31,53.02,76.16,453.4
1041,602.47,61.52,60.83,85.29,48.25,53.01,76.17,453.21
1042,602.55,61.45,60.79,85.23,48.34,53.04,76.23,453.65
1043,602.91,61.5,60.81,85.31,48.33,53.05,76.2,453.4
1044,602.58,61.43,60.76,85.28,48.25,53,76.21,453.31
1045,602.67,61.47,60.8,85.28,48.3,53.04,76.21,453.47
1046,15.57,1.38,1.41,2.14,1.32,1.67,2.65,16.96
1047,15.58,1.38,1.41,2.14,1.33,1.67,2.65,16.95
1048,15.57,1.38,1.41,2.14,1.32,1.66,2.65,16.94
1049,15.57,1.38,1.41,2.14,1.32,1.67,2.65,16.95
1050,15.57,1.37,1.41,2.14,1.32,1.66,2.65,16.95
1051,15.58,1.37,1.41,2.14,1.33,1.67,2.65,16.95
1052,15.58,1.38,1.41,2.14,1.33,1.67,2.65,16.95
1053,15.58,1.38,1.41,2.14,1.33,1.67,2.65,16.96
1054,15.59,1.38,1.41,2.14,1.33,1.67,2.65,16.97
1055,15.57,1.38,1.41,2.14,1.33,1.67,2.65,16.96
1056,15.59,1.38,1.41,2.14,1.33,1.67,2.65,16.96
1057,15.59,1.38,1.41,2.14,1.33,1.67,2.65,16.96
1058,15.58,1.38,1.41,2.14,1.33,1.67,2.65,16.96
1059,15.6,1.39,1.41,2.14,1.33,1.67,2.65,16.97
1060,15.58,1.38,1.41,2.14,1.33,1.67,2.65,16.97
1061,15.6,1.38,1.41,2.14,1.33,1.67,2.65,16.97
1062,15.59,1.39,1.41,2.14,1.33,1.67,2.65,16.96
1063,15.59,1.38,1.41,2.14,1.33,1.67,2.65,16.96
1064,15.6,1.39,1.41,2.14,1.33,1.67,2.65,16.97
1065,15.58,1.38,1.41,2.14,1.33,1.67,2.65,16.96
1066,15.59,1.38,1.41,2.14,1.33,1.67,2.65,16.95
1067,15.59,1.38,1.41,2.14,1.33,1.67,2.65,16.97
1068,15.59,1.38,1.41,2.14,1.33,1.67,2.65,16.96
1069,15.59,1.39,1.41,2.14,1.33,1.67,2.65,16.97
1070,15.62,1.39,1.41,2.14,1.33,1.67,2.66,16.99
1071,15.62,1.39,1.41,2.14,1.33,1.67,2.65,16.98
1072,15.63,1.39,1.41,2.15,1.33,1.67,2.66,16.99
1073,15.61,1.39,1.41,2.14,1.33,1.67,2.65,16.97
1074,15.62,1.39,1.41,2.14,1.33,1.67,2.66,16.99
1075,15.62,1.39,1.41,2.14,1.33,1.67,2.65,16.99
1076,15.62,1.39,1.41,2.14,1.33,1.67,2.66,16.99
1077,15.61,1.39,1.41,2.14,1.33,1.67,2.65,16.97
1078,15.61,1.39,1.41,2.14,1.33,1.67,2.65,16.97
1079,15.63,1.39,1.41,2.14,1.33,1.67,2.66,16.99
1080,15.61,1.39,1.41,2.14,1.33,1.67,2.65,16.99
1081,15.61,1.39,1.41,2.14,1.33,1.67,2.65,16.97
1082,15.62,1.39,1.41,2.14,1.33,1.67,2.66,16.98
1083,15.62,1.39,1.41,2.14,1.33,1.67,2.66,16.98
1084,15.61,1.39,1.41,2.14,1.33,1.67,2.65,16.97
1085,15.61,1.39,1.41,2.14,1.33,1.67,2.65,16.98
1086,15.61,1.38,1.41,2.14,1.33,1.67,2.65,16.98
1087,15.61,1.38,1.41,2.14,1.33,1.67,2.65,16.98
1088,15.59,1.38,1.41,2.14,1.33,1.67,2.65,16.95
1089,15.6,1.38,1.41,2.14,1.33,1.67,2.65,16.97
1090,15.61,1.39,1.41,2.14,1.33,1.67,2.65,16.98
1091,15.59,1.38,1.41,2.14,1.33,1.67,2.65,16.96
1092,15.61,1.39,1.41,2.14,1.33,1.67,2.65,16.97
1093,15.61,1.39,1.41,2.14,1.33,1.67,2.65,16.97
1094,15.62,1.39,1.41,2.14,1.33,1.67,2.65,16.99
1095,15.59,1.38,1.41,2.14,1.33,1.67,2.65,16.97
1096,15.62,1.39,1.41,2.14,1.33,1.67,2.66,16.98
1097,15.61,1.39,1.41,2.14,1.33,1.67,2.65,16.97
1098,15.62,1.39,1.41,2.14,1.33,1.67,2.65,16.97
1099,15.61,1.39,1.41,2.14,1.33,1.67,2.66,16.98
1100,15.61,1.39,1.41,2.14,1.33,1.67,2.66,16.98
